-- MariaDB dump 10.19  Distrib 10.4.24-MariaDB, for Win64 (AMD64)
--
-- Host: localhost    Database: bd_inventario
-- ------------------------------------------------------
-- Server version	10.4.24-MariaDB

/*!40101 SET @OLD_CHARACTER_SET_CLIENT=@@CHARACTER_SET_CLIENT */;
/*!40101 SET @OLD_CHARACTER_SET_RESULTS=@@CHARACTER_SET_RESULTS */;
/*!40101 SET @OLD_COLLATION_CONNECTION=@@COLLATION_CONNECTION */;
/*!40101 SET NAMES utf8mb4 */;
/*!40103 SET @OLD_TIME_ZONE=@@TIME_ZONE */;
/*!40103 SET TIME_ZONE='+00:00' */;
/*!40014 SET @OLD_UNIQUE_CHECKS=@@UNIQUE_CHECKS, UNIQUE_CHECKS=0 */;
/*!40014 SET @OLD_FOREIGN_KEY_CHECKS=@@FOREIGN_KEY_CHECKS, FOREIGN_KEY_CHECKS=0 */;
/*!40101 SET @OLD_SQL_MODE=@@SQL_MODE, SQL_MODE='NO_AUTO_VALUE_ON_ZERO' */;
/*!40111 SET @OLD_SQL_NOTES=@@SQL_NOTES, SQL_NOTES=0 */;

--
-- Table structure for table `acceso_routers`
--

DROP TABLE IF EXISTS `acceso_routers`;
/*!40101 SET @saved_cs_client     = @@character_set_client */;
/*!40101 SET character_set_client = utf8 */;
CREATE TABLE `acceso_routers` (
  `id` int(11) NOT NULL AUTO_INCREMENT,
  `id_equipo` int(11) NOT NULL,
  `direccion_ip` varchar(15) NOT NULL,
  `wan_ip` varchar(15) NOT NULL,
  `nombre` varchar(60) NOT NULL,
  `contraseña` varchar(60) NOT NULL,
  `usuario_acceso` varchar(60) NOT NULL,
  `contraseña_acceso` varchar(60) NOT NULL,
  `visibilidad` varchar(25) NOT NULL,
  `filtro_mac` varchar(10) NOT NULL,
  `uso` varchar(255) NOT NULL,
  `ubicacion` text NOT NULL,
  `fecha_registro` date NOT NULL,
  `encargado_registro` int(11) NOT NULL,
  `fecha_modificacion` date NOT NULL,
  `encargado_modificacion` int(11) NOT NULL,
  `estado` varchar(50) NOT NULL,
  PRIMARY KEY (`id`)
) ENGINE=InnoDB AUTO_INCREMENT=12 DEFAULT CHARSET=utf8mb4;
/*!40101 SET character_set_client = @saved_cs_client */;

--
-- Dumping data for table `acceso_routers`
--

LOCK TABLES `acceso_routers` WRITE;
/*!40000 ALTER TABLE `acceso_routers` DISABLE KEYS */;
INSERT INTO `acceso_routers` VALUES (6,46,'192.168.10.1','192.168.15.179','clinica','clinicadelostrabajadores','admin','FasGanZ19','Visible','No','Wifi para todos','Cuarto de Datos','2024-06-04',2,'2024-06-07',1,'Activo'),(7,47,'192.168.0.1','192.168.15.45','clinica','clinicadelostrabajadores','admin','FasGanZ19','Visible','No','Wifi para todos','Techo de Oficina Médicos de Emergencias','2024-06-04',2,'2024-07-15',2,'Activo'),(8,50,'192.168.5.1','192.168.15.19','Presidencia','Fasganz2022*','admin','FasGanZ19','Visible','Sí','Wifi restringidos para administración','Oficina de Administración detrás de impresora canon','2024-06-04',2,'2024-07-08',2,'Activo'),(9,48,'PUENTE 15.1','192.168.15.1','ADMINFAS','FasganZ*2023','','','Oculto','No','Wifi extensor de la red principal 15.1, interno para laptops de administración, presidencia y tlf principales.','Oficina de Administración, escritorio de Lcda. Lirimar.','2024-06-04',2,'2024-06-05',2,'Activo'),(10,45,'192.168.15.1','192.168.101.1','rrhh','Fasganz2022*','admin','FasGanZ19','Oculto','No','Router principal de la red 15.1, wifi para laptos de recursos humanos.','Cuarto de datos','2024-06-05',2,'0000-00-00',0,'Activo'),(11,49,'192.168.20.1','192.168.15.46','Infra','Fasganz2025*','','FasGanz19','Visible','No','Wifi de la Oficina de Infraestructura','Oficina de Infraestructura','2024-06-05',2,'2025-01-28',1,'Activo');
/*!40000 ALTER TABLE `acceso_routers` ENABLE KEYS */;
UNLOCK TABLES;

--
-- Table structure for table `acta_revision`
--

DROP TABLE IF EXISTS `acta_revision`;
/*!40101 SET @saved_cs_client     = @@character_set_client */;
/*!40101 SET character_set_client = utf8 */;
CREATE TABLE `acta_revision` (
  `id_acta` int(11) NOT NULL,
  `fecha_revision` date NOT NULL,
  `equipo_id` int(11) DEFAULT NULL,
  `unidad_trabajo` text NOT NULL,
  `responsable_uso` text NOT NULL,
  `descripcion_equipo` text NOT NULL,
  `serial` text NOT NULL,
  `codigo_bienes` text NOT NULL,
  `estado_equipo` text NOT NULL,
  `operatividad` text NOT NULL,
  `accesorios_perifericos` text NOT NULL,
  `resultado_revision` text NOT NULL,
  `conclusion_revision` text NOT NULL,
  `user_elaboracion` text NOT NULL,
  `user_revision` text NOT NULL,
  PRIMARY KEY (`id_acta`)
) ENGINE=InnoDB DEFAULT CHARSET=utf8mb4;
/*!40101 SET character_set_client = @saved_cs_client */;

--
-- Dumping data for table `acta_revision`
--

LOCK TABLES `acta_revision` WRITE;
/*!40000 ALTER TABLE `acta_revision` DISABLE KEYS */;
INSERT INTO `acta_revision` VALUES (1,'2022-10-19',169,'Almacén','Lcdo. Erasto Marcano','Impresora Hp Deskjet Ink Advantage 1515','CN3551HHGW','20020-0021-558','BUENO','ENCIENDE','-No tiene el cable regulador de corriente. - No tiene cable USB. \r\n-No tiene ninguno de los dos cartuchos de tinta. - Falta bandeja de salida de impresión. ','-El equipo enciende, se conecta al computador por medio del cable usb.\r\n-Funciona correctamente para escanear.\r\n-No pude realizar pruebas de impresión porque no tiene los cartuchos de tinta.','-Comprar los cartuchos de tinta hp 662 negro y color para poder realizar las pruebas de impresión.\r\n','Ing. Omar Mendoza','Ing. Omar Mendoza'),(2,'2022-10-19',186,'Almacén ','Lcdo. Erasto Marcano','Regulador de Voltaje Kode','NO TIENE','20990-0001-413','BUENO','ENCIENDE','- No Aplica.','- Se observa que el cable de corriente fue cambiado y se encuentra empatado con uno mas delgado de menor numero, de igual manera el equipo funciona correctamente.','- Cambiar el cable de corriente que se encuentra empatado por uno de su mismo calibre.\r\n- O colocar un enchufe directamente en el cable original del regular. ','Ing. Omar Mendoza','Ing. Omar Mendoza'),(3,'2022-10-19',78,'Seguridad y Vigilancia','Eusebio Sánchez','Impresora Hp Deskjet Ink Advantage 1515','CN3AC17MSG','20020-999-84','BUENO','ENCIENDE','- No tiene el cable regulador de corriente. - No tiene cable USB. \r\n- No tiene ninguno de los dos cartuchos de tinta.','- El equipo enciende, se conecta al computador por medio del cable USB.\r\n- Funciona correctamente para escanear.\r\n- No pude realizar pruebas de impresión porque no tiene los cartuchos de tinta.','- Comprar los cartuchos de tinta hp 662 negro y color para poder realizar las pruebas de impresión.','Ing. Omar Mendoza','Ing. Omar Mendoza'),(4,'2022-10-19',85,'Seguridad y Vigilancia','Eusebio Sánchez','Monitor Marca Lg Modelo 20M37A-B','501NDXQ1W642','20020-999-488','BUENO','ENCIENDE','- No tiene el cable regulador de corriente.','- El monitor enciende y funciona perfectamente.','- Comprar cable regulador de voltaje LG Ac Adaptor, Modelo: LCAP36-A 19V 0.84A. ','Ing. Omar Mendoza','Ing. Omar Mendoza'),(5,'2022-10-19',187,'Auditoria','Marisol Flores','Regulador de Voltaje Kode','130129-01014546','20990-0001-420','REGULAR','ENCIENDE','- No Aplica.','- Se observa que el cable de corriente fue cambiado y se encuentra empatado.\r\n- El transformador se encuentra dañado y es lo que produce un ruido fuerte en el equipo. ','- Desconectando los cables internos del transformador el equipo se puede utilizar como regleta (sin ningún tipo de protección).\r\n- Sustituir el transformador por otro del mismo modelo de regulador que se encuentre en buen estado.\r\n- Colocar un enchufe directamente en el cable original del regular. ','Ing. Omar Mendoza','Ing. Omar Mendoza'),(6,'2022-10-26',161,'Auditoria','Marisol Flores','Impresora/Scanner Hp, Modelo Deskjet Ink Advantage 4615, Color negro y Beige.','Impresora/Scanner Hp, Modelo Deskjet Ink Advantage 4615, Color negro y Beige.','20020-0021-66','BUENO','ENCIENDE','- Tiene 4 cartuchos de tinta 670 (Negro, Magenta, Azul y Amarillo).\r\n- No tiene cable usb.','- Al encender la impresora presenta error por pantalla que dice \"Cartucho Hp protegido instalado. Reemplazar cartucho\". \r\n- Los cartuchos se encuentran protegidos por una aplicación propia de la impresora para evitar el robo o cambio de cartuchos.\r\n- La impresora escanea sin problemas.\r\n- No se pudieron hacer pruebas de impresión por el error que presentan los cartuchos. ','- Sustituir los cartuchos de tinta, ya que los mismo se encuentran bloqueados para hacer las pruebas de impresión.','Ing. Omar Mendoza','Ing. Omar Mendoza'),(7,'2022-10-26',NULL,'Administración ','Deinor Figuera','Router Tplink Modelo: TL-WA5210G','135A9201203','20020-XXXX-63','BUENO','ENCIENDE','- Tiene su cable regulador de corriente.\r\n- Tiene su adaptador poe tplink. ','- El equipo enciende, se ve físicamente en buen estado y funciona correctamente.\r\n- Se puede configurar como AP o Router comun.\r\n- Se puede administrar entrando en su pagina de configuración. (192.168.1.254) admin admin.','- El router se encuentra operativo para ser utilizado.','Ing. Omar Mendoza','Ing. Omar Mendoza'),(8,'2022-10-28',182,'Dirección Medica ','Mariana Martínez ','Regulador de voltaje Tonal, modelo RTL-1000 color negro','13355501414','20990-0001-60','REGULAR','ENCIENDE','- No Aplica.','- El transformador se encuentra dañado y es lo que produce un ruido fuerte en el equipo. \r\n- Goma protectora del cable se encentra roto en la punta del enchufe.','- Desconectando los cables internos del transformador el equipo se puede utilizar como regleta (sin ningún tipo de protección).\r\n- Sustituir el transformador por otro del mismo modelo de regulador que se encuentre en buen estado.\r\n','Ing. Omar Mendoza','Ing. Omar Mendoza'),(9,'2022-11-07',170,'Seguridad y Vigilancia','Eusebio Sánchez','Impresora Hp Deskjet Ink Advantage 2515','CN2CU3JNSX','20020-0021-564','BUENO','OTRO','- No tiene cable regulador de corriente.\r\n- No tiene cable USB. -No tiene cartuchos de tinta 662.','- La impresora se observa en buen estado físico.\r\n- Se ubico prestado un regulador del mismo voltaje para realizar las pruebas.\r\n- Se verifico el escáner y funciona correctamente.\r\n- No se pudo verificar la parte de la impresión por la falta de los cartuchos.','- Ubicar / comprar un regulador de impresora hp de 33v para poder encenderla y realizar las pruebas de funcionamiento.\r\n- Ubicar / comprar los cartuchos de tinta hp 662 para poder realizar pruebas de impresión. ','Ing. Omar Mendoza','Ing. Omar Mendoza'),(10,'2022-11-07',152,'Farmacia ','Manuel Freites','Impresora Hp modelo desk jet ink advantage 1515','CN37Q19J9B','20020-0021-11','BUENO','ENCIENDE','- No tiene cable USB. \r\n- No tiene ninguno de los dos cartuchos de tinta 662.','- El equipo enciende, se conecta al computador por medio del cable usb.\r\n- Funciona correctamente para escanear.\r\n- No pude realizar pruebas de impresión porque no tiene los cartuchos de tinta.','- Comprar los cartuchos de tinta hp 662 negro y color para poder realizar las pruebas de impresión.','Ing. Omar Mendoza','Ing. Omar Mendoza'),(11,'2022-11-07',NULL,'RRHH','Luzmila Narváez','Teclado Marca USA - NET, color negro','SIN SERIAL','20020-XXXX-417','REGULAR','NO ENCIENDE','- No Aplica.','- Se observa en buen estado, tiene roto el conector PS2 por tal motivo no se puede conectar a la PC.','- Desincorporar. ','Ing. Omar Mendoza','Ing. Omar Mendoza'),(12,'2022-11-07',150,'Ginecología ','','Samsung modelo xpress m 2020 ','070JB8GF9CU1HKP','20020-0021-1','REGULAR','ENCIENDE','- No tiene tóner.  - No tiene cable de corriente.\r\n- No tiene cable USB.','- Se observa que el botón de encendido esta dañado , pero a un así enciende, se le coloco un tóner de prueba y la impresora imprime sin problemas.','- Es necesario ubicar / comprar cable de corriente y tóner samsung 111 para tener la impresora operativa. ','Ing. Omar Mendoza','Ing. Omar Mendoza'),(13,'2022-11-09',142,'Informática ','Omar Mendoza ','Teclado Marca Vit, modelo DOK-K5313 modelo KDB803K12947A','SKD803K12947A','20020-0011-433','REGULAR','ENCIENDE','- No Aplica. ','- El teclado se mojo por una filtración en el techo de infraestructura, la parte de los números superiores no funcionan, las demás teclas si funcionan.','-Se puede utilizar como ultimo recurso temporal para solventar alguna eventualidad.','Ing. Omar Mendoza','Ing. Omar Mendoza'),(14,'2022-11-09',NULL,'Informática ','Omar Mendoza ','Teclado PS2 USA-NET color negro','SIN SERIAL','20020-XXXX-1231','REGULAR','ENCIENDE','- No Aplica.','- El teclado enciende pero se encuentra dañado.\r\n- No marca ninguna tecla.','- Desincorporar.','Ing. Omar Mendoza','Ing. Omar Mendoza'),(15,'2022-11-09',NULL,'Infraestructura','.','CPU Marca USA - NET ','SIN SERIAL','20020-0012-1461','DETERIORADO','NO ENCIENDE','- No tiene cable de corriente.','- El CPU pertenece al área de Laboratorio, por fallas eléctricas no enciende fuente de poder, disco duro y tarjeta madre.\r\n- Memoria RAM DDR3 de 2GB si funciona.','- Desincorporar.','Ing. Omar Mendoza','Ing. Omar Mendoza'),(16,'2022-11-11',NULL,'Infraestructura','','CPU Marca USA - NET ','SIN SERIAL','20020-0012-1462','DETERIORADO','NO ENCIENDE','- No tiene cable de corriente.','- El CPU pertenece al área de recepción, se encuentra quemado por falla eléctrica de la calle, lo cual daño también el toma-corriente. ','- Desincorporar.','Ing. Omar Mendoza','Ing. Omar Mendoza'),(17,'2022-11-14',NULL,'Infraestructura','','Unidad de lectora dvd para pc','R8WS6YDD3008H0','20990-0001-1469','BUENO','','- No Aplica.','- Funciona de manera correcta.','- Puede ser utilizada o asignada para sustituir lectora dañada.','Ing. Omar Mendoza','Ing. Omar Mendoza'),(18,'2022-11-18',28,'Infraestructura','','Impresora Multifuncional HP SNPRC-1005-01','MY223310J0','20020-0021-1465','BUENO','ENCIENDE','- Tiene sus 4 cartuchos de tintas y sus cables.','- La impresora presenta fallas con el cabezal de impresión, se le realizo el procedimiento de retirar el cabezal y sacar los cartuchos pero el problema persiste.\r\n- El equipo funciona para escanear con un poco de ruido. ','- Sustituir el cabezal de impresión.\r\n- Realizarle mantenimiento por el tiempo que la impresora tiene sin uso.\r\n- Comprar / recargar los cartuchos de tintas. ','Ing. Omar Mendoza','Ing. Omar Mendoza'),(19,'2022-12-02',NULL,'Infraestructura','','Fuente de Poder para pc MYO-500W P4 1408005112','SIN SERIAL','20020-XXXX-1470','DETERIORADO','NO ENCIENDE','- No Aplica.','- La fuente de poder se encuentra dañada.','- Desincorporar.','Ing. Omar Mendoza','Ing. Omar Mendoza'),(20,'2022-12-02',NULL,'Infraestructura','','Switch Teralink 24 Puertos SW24213817','SW24213817','20020-XXXX-1472','REGULAR','ENCIENDE','- No Aplica.','- El equipo enciende el led verde de PW pero no hace su función de Switch.','- Desincorporar. ','Ing. Omar Mendoza','Ing. Omar Mendoza'),(21,'2022-12-02',NULL,'Infraestructura','','Switch Teralink 24 Puertos SW24215993','SW24215993','20020-XXXX-1473','REGULAR','NO ENCIENDE','- No Aplica.','- El equipo no enciende.','- Desincorporar.','Ing. Omar Mendoza','Ing. Omar Mendoza'),(22,'2022-12-02',NULL,'Infraestructura','','Switch Encore 8 Puertos ENH908NWY-NA','SW24215993','20020-XXXX-1471','REGULAR','ENCIENDE','- No Aplica.','- El equipo funciona pero tiene problemas en el conector de corriente el cual se puede apagar o desconectar si se mueve. ','- Puede ser usado como ultimo recurso siempre y cuando el cable de corriente se encuentre fijo.','Ing. Omar Mendoza','Ing. Omar Mendoza'),(23,'2022-12-23',46,'Seguridad y Vigilancia','','Hikvion modelo DS-7216HVI-ST/SE','412295560','','REGULAR','NO ENCIENDE','- No tiene su regulador original. ','- El equipo grabado no tiene su cable del regulador original.\r\n- El equipo no enciende, no muestra vídeo en pantalla, no pita.\r\n- Ya el disco duro del equipo se había dañado, se le coloco un disco en buen estado y daño.','- Llevar el equipo a un soporte técnico.','Ing. Omar Mendoza','Ing. Omar Mendoza'),(24,'2023-05-15',NULL,'Administración ','Deinor Figuera','Protector AVTEK R8T 601','05662015013568','20990-0001-61','DETERIORADO','NO ENCIENDE','- No aplica.','- El equipo no enciende, transformador dañado.','- Desincorporar.','Frank Guiche','Ing. Omar Mendoza'),(25,'2024-02-21',NULL,'Cuarto de Datos','Omar Mendoza ','TP-LINK TL-SG1024D','2157264004811','20020-999-39','REGULAR','ENCIENDE','- No Aplica.','- El equipo no funciona de manera correcta.','- Desmontaje del equipo para revisión profunda.','Frank Guiche','Ing. Omar Mendoza'),(26,'2024-02-21',27,'Bienes','Josué Carrizales','MICROCOMPUTADOR MARCA TOSHIBA MODELO SATELITE e557-a5320','13026497P','20020-0007-464','BUENO','ENCIENDE','- No aplica.','- La laptop presentaba lentitud en su sistema operativo, lo que afectaba su rendimiento general.\r\n- Experimentaba fallas de apagados repentinos incluso estando conectada a la corriente, causados por problemas de gestión de energía relacionados con la batería.','- Se procedió a realizar un respaldo de la información almacenada en el disco duro.\r\n- Se procedió a formatear el sistema y reinstalar Windows para abordar la lentitud del sistema operativo.\r\n- Se procedió a desconectar la batería y se operó la laptop directamente con alimentación eléctrica, después de este proceso se eliminaron los apagados repentinos.\r\n- Se sugiere adquirir una batería de remplazo para evitar daños potenciales por operar continuamente con alimentación eléctrica directa.','Frank Guiche','Ing. Omar Mendoza'),(27,'2024-04-02',67,'Presidencia','Jenny Gómez','CPU SONEVIEW, PC-1005, COLOR NEGRO','150716P20260SP0057','20020-0012-353','BUENO','ENCIENDE','- No Aplica.','- Presentaba lentitud en su sistema operativo, lo que afectaba su rendimiento general.\r\n- Experimentaba fallas de conexión al no reconocer la Impresora.','- Se procedió a realizar un respaldo de la información almacenada en el disco duro.\r\n- Se procedió a formatear el sistema y reinstalar Windows para abordar la lentitud del sistema operativo y solucionar el problema de conexión con la impresora.','Frank Guiche','Ing. Omar Mendoza'),(28,'2024-04-10',73,'Seguridad y Vigilancia','Eusebio Sánchez','LAPTOP LENOVO MODELO G485','MB00257341','20020-0007-448','BUENO','ENCIENDE','- No Aplica.','- Presentaba lentitud en su sistema operativo, lo que afectaba su rendimiento general.','- Se procedió a realizar un respaldo de la información almacenada en el disco duro.\r\n- Se procedió a formatear el sistema y reinstalar Windows para abordar la lentitud del sistema operativo.','Frank Guiche','Ing. Omar Mendoza'),(29,'2024-04-10',46,'Cuarto de Datos','Omar Mendoza ','CPU SERVIDOR COLOR NEGRO','SIN SERIAL','','BUENO','ENCIENDE','- No aplica.','- Presentaba problemas para activar la licencia del sistema operativo Windows.','- Se procedió a realizar un respaldo de la información almacenada en el disco duro.\r\n- Se procedió a formatear el sistema y reinstalar Windows para abordar el problema con la activación del sistema operativo.','Frank Guiche','Ing. Omar Mendoza'),(30,'2024-04-24',37,'Historias Médicas ','Maribel Farias ','CPU DELL OPTIPLEX MODELO 7010 #35','HP7HB04','20020-0012-1547','BUENO','ENCIENDE','- Incluye mouse, teclado y cable de corriente.','- Equipo se encontraba nuevo.','- Se configuro el sistema operativo Windows 11.\r\n- Se instalo el paquete de Office 2016, Intranet y WinRar.','Frank Guiche','Ing. Omar Mendoza'),(31,'2024-04-24',53,'Dirección de Gestión Administrativa ','Deinor Figuera','CPU DELL OPTIPLEX MODELO 7010 #40','CXJP6Z3','20020-0012-1559','BUENO','ENCIENDE','- Incluye mouse, teclado y cable de corriente.','- Equipo se encontraba nuevo.','- Se configuro el sistema operativo Windows 11.\r\n- Se instalo el paquete de Office 2016, Intranet y WinRar.','Frank Guiche','Ing. Omar Mendoza'),(32,'2024-04-24',53,'Presidencia','Jenny Gómez','CPU DELL OPTIPLEX MODELO 7010 #57','J4XK6Z3','20020-0012-1559','BUENO','ENCIENDE','- Incluye mouse, teclado y cable de corriente.','- Equipo se encontraba nuevo.','- Se configuro el sistema operativo Windows 11.\r\n- Se instalo el paquete de Office 2016, Intranet y WinRar.','Frank Guiche','Ing. Omar Mendoza'),(33,'2024-04-24',51,'Bienes','Josué Carrizales','CPU DELL OPTIPLEX MODELO 7010 #50','HQ7HB04','20020-0012-1551','BUENO','ENCIENDE','- Incluye mouse, teclado y cable de corriente.','- Equipo se encontraba nuevo.','- Se configuro el sistema operativo Windows 11.\r\n- Se instalo el paquete de Office 2016, Intranet y WinRar.','Frank Guiche','Ing. Omar Mendoza'),(34,'2024-04-24',41,'Nómina ','Jorman Leon','CPU DELL OPTIPLEX MODELO 7010 #32','93KP6Z3','20020-0012-1543','BUENO','ENCIENDE','- Incluye mouse, teclado y cable de corriente.','- Equipo se encontraba nuevo.','- Se configuro el sistema operativo Windows 11.\r\n- Se instalo el paquete de Office 2016, Intranet y WinRar.','Frank Guiche','Ing. Omar Mendoza'),(35,'2024-05-08',67,'Recepción ','','CPU SONEVIEW, PC-1005, COLOR NEGRO','150716P20260SP0057','20020-0012-353','BUENO','ENCIENDE','- No Aplica.','- Equipo se encontraba en buen estado.','- Se realizó mantenimiento preventivo tanto de hardware como de software.','Frank Guiche','Ing. Omar Mendoza'),(36,'2024-05-08',23,'Bienes','Eudalys Rojas','CPU SIRAGON PC-1500 COLOR NEGRO','150819P20276SP0272','20020-0012-370','BUENO','ENCIENDE','- No Aplica.','- Presentaba lentitud en su sistema operativo, lo que afectaba su rendimiento general.\r\n- El paquete de Office no se puede activar.\r\n- El equipo no cuenta con los requerimientos básicos para los programas de arquitectura y diseño. \r\n- Su procesador es doble núcleo y es de muy poca capacidad para el consumo de estos programas.\r\n- Con cada actualización que realiza el sistema operativo (Windows 10) el equipo queda mas cargado y consumiendo mas recursos.','- Se realizó mantenimiento tanto de hardware como al software.\r\n- Se recomienda eliminar archivos que no sean necesarios para liberar espacio en el disco.\r\n- Realizar un respaldo para formatear e instalar el sistema operativo nuevamente.\r\n- Instalar los programas de diseño y arquitectura de versiones de años anteriores para que el equipo pueda funcionar de mejor manera.','Frank Guiche','Ing. Omar Mendoza'),(37,'2024-06-12',46,'Atención al Usuario','','TELÉFONO SIEMENS','P30M32200163','','REGULAR','ENCIENDE','','- El equipo enciende y da tono pero no tiene entrada ni salida de voz por diodos en la placa principal dañados.','- Sustituir placa principal por otra del mismo modelo.\r\n- Desincorporar teléfono.','Ing. Omar Mendoza','Ing. Omar Mendoza'),(38,'2024-07-11',NULL,'Recursos Humanos','','TELEVISOR SAMSUNG 28',' AH803CHQ200370R','20090-0132-82','BUENO','ENCIENDE','Cable de Corriente.','En vista de que el equipo (Televisor) lleva mas de un año apagado sin uso, recibiendo frio y la humedad del sitio tanto de día y de noche, con la intensión de que no se dañe el equipo por no utilizar y de mantener un Bien de la institución activo y en buen estado surge esta solicitud.  ','Solicito el traslado del televisor para el área de infraestructura para su buen uso.','Ing. Omar Mendoza','Ing. Omar Mendoza'),(39,'2024-08-13',168,'Seguridad y Vigilancia','Eusebio Sánchez','Impresora Hp Deskjet Ink Advantage 1515','CN3AC17MSG ','20020-0021-484','BUENO','ENCIENDE','- No tiene el cable regulador de corriente. \r\n- No tiene cable USB.\r\n- No tiene ninguno de los dos cartuchos de tinta.\r\n','- El equipo enciende, se conecta al computador por medio del cable USB.\r\n- Funciona correctamente para escanear.\r\n- No pude realizar pruebas de impresión porque no tiene los cartuchos de tinta.','- Comprar los cartuchos de tinta hp 662 negro y color para poder realizar las pruebas de impresión.\r\n','Ing. Omar Mendoza','Ing. Omar Mendoza'),(40,'2024-08-13',85,'Seguridad y Vigilancia','Eusebio Sánchez','Monitor Marca Lg Modelo 20M37A-B','501NDXQ1W642 ','20020-999-488','','','- No tiene el cable regulador de corriente.',' - El monitor enciende y funciona perfectamente.',' - Comprar cable regulador de voltaje LG Ac Adaptor, Modelo: LCAP36-A 19V 0.84A.\r\n','Ing. Omar Mendoza','Ing. Omar Mendoza'),(41,'2024-08-13',170,'Seguridad y Vigilancia','Eusebio Sánchez','Impresora Hp Deskjet Ink Advantage 2515','CN2CU3JNSX ','20020-0021-564','BUENO','ENCIENDE','- No tiene cable regulador de corriente.\r\n- No tiene cable USB. \r\n-No tiene cartuchos de tinta 662.','- La impresora se observa en buen estado físico.\r\n- Se ubico prestado un regulador del mismo voltaje para realizar las pruebas.\r\n- Se verifico el escáner y funciona correctamente.\r\n- No se pudo verificar la parte de la impresión por la falta de los cartuchos','- Ubicar / comprar un regulador de impresora hp de 33v para poder encenderla y realizar las pruebas de funcionamiento.\r\n- Ubicar / comprar los cartuchos de tinta hp 662 para poder realizar pruebas de impresión.','Ing. Omar Mendoza','Ing. Omar Mendoza'),(42,'2024-09-11',92,'Consultoría Jurídica ','Annaloy Mata','LAPTOP LENOVO MODELO G485','MB00257200','20020-0007-403','BUENO','ENCIENDE','- Cargador operativo.','- Presentaba lentitud en su sistema operativo, lo que afectaba su rendimiento general.\r\n- Presentaba dificultades recurrentes para acceder a ciertos sitios web, como Outlook.\r\n- Se identificaron fallos al intentar ejecutar algunos programas y funciones del sistema operativo, debido a errores en los registros de Windows, afectando la estabilidad y correcto funcionamiento del equipo.\r\n- Se identificaron varios programas instalados, incluyendo múltiples antivirus y aplicaciones que se ejecutaban en segundo plano, lo que saturaba la memoria RAM y sobrecargaba el sistema.','- Se realizó un respaldo completo de los archivos almacenados en el disco duro.\r\n- Se formateó el equipo y se reinstaló Windows 7 para abordar la lentitud y corregir los errores en los registros del sistema.\r\n- Se configuró el navegador para resolver los problemas de acceso a paginas especificas, los cuales se debían a los errores en los registros del sistema y la incompatibilidad de los navegadores actuales con versiones más antiguas de Windows 7.\r\n- Se instaló el paquete de Office 2010, Adobe Reader XI, Chrome, Firefox, Intranet y WinRar.','Frank Guiche','Frank Guiche'),(43,'2024-10-02',90,'Recursos Humanos','Andrea Diaz','LAPTOP LENOVO MODELO G480','MB00408152','20020-0007-424','BUENO','ENCIENDE','- Cargador operativo.\r\n','- Presentaba lentitud en su sistema operativo, lo que afectaba su rendimiento general.','- Se realizó un respaldo completo de los archivos almacenados en el disco duro.\r\n- Se formateó el equipo y se reinstaló Windows 7 para abordar la lentitud y corregir problemas en el sistema.\r\n- Se instaló el paquete de Office 2010, Adobe Reader XI, Chrome, Intranet y WinRar','Frank Guiche','Frank Guiche'),(44,'2024-10-21',NULL,'DEPARTAMENTO DE RAYOS X','','UPS MARUSON MODELO PRO-2000A LCD','8112500336','20990-XXXX-1128','BUENO','ENCIENDE','- No Aplica.','- Las dos (2) baterías se encontraban dañadas, razón por la cual el equipo se apagaba.','- Se remplazaron las baterías y se realizo limpieza interna dejando el equipo operativo.','Frank Guiche','Ing. Omar Mendoza'),(45,'2024-10-29',11,'MANTENIMIENTO SERVICIOS GENERALES','RICHARD RODRIGUEZ','CPU SIRAGON MODELO PC-1005','150819P20276SP0272','20020-0012-535','BUENO','ENCIENDE','- No Aplica.','- Presenta lentitud en su sistema operativo, lo que afecta su rendimiento general.','- Se hizo una revisión general del equipo y se detecto por la parte del hardware que el disco duro esta dañado con un 5% de vida útil.\r\n- Se recomienda adquirir un disco duro de remplazo antes de que el actual se dañe por completo y la PC quede inhabilitada por falta de componentes.','Frank Guiche','Ing. Omar Mendoza'),(46,'2024-12-11',NULL,'ECO','','UPS MARCA MARUSON','8112500010','20020-999-9','BUENO','ENCIENDE','','Baterías del ups se encuentran dañadas, por tal motivo al fallar la energía eléctrica el ups se apagaba.','Se le realizo mantenimiento interno y se remplazaron las 2 baterías de 12v dañadas. \r\n\r\nEl ups quedo operativo nuevamente.','Ing. Omar Mendoza','Ing. Omar Mendoza'),(47,'2025-01-06',46,'MANTENIMIENTO SERVICIOS GENERALES','RICHART RODRIGUEZ','CPU SIRAGON PC-1005','150819P20276SP0272','','BUENO','ENCIENDE','- No Aplica.','- Presentaba lentitud en su sistema operativo, lo que afecta su rendimiento general.\r\n- Se encontraba dañado el disco duro con un 5% de vida útil.\r\n','- Se remplazó el disco duro de 1TB (5%  de vida útil) por uno nuevo de 500GB con un 98% de vida útil.\r\n- Se realizó un respaldo completo de los archivos almacenados en el disco duro.\r\n- Se formateó el equipo y se reinstaló Windows 10.\r\n- Se instaló el paquete de Office 2016, Adobe Reader, Chrome, Brave, Intranet y WinRar.','TSU Frank Guiche','Ing. Omar Mendoza'),(48,'2025-01-06',88,'NÓMINA','JORMAN LEON','LAPTOP LENOVO G480','MB00409151','20020-0007-382','BUENO','ENCIENDE','- No Aplica.','- Presenta fallas en el teclado, algunas teclas no funcionan.','- Se recomienda usar teclado externo por USB o remplazar el teclado por uno del mismo modelo.','TSU Frank Guiche','Ing. Omar Mendoza'),(49,'2025-01-27',96,'ADMINISTRACIÓN','LIRIMAR ARREAZA','CPU HP ','MXL30404NM','20020-0012-48','BUENO','ENCIENDE','- No Aplica.','- Presentaba problemas de conexión con una impresora en red mediante WIFI.\r\n- El sistema generaba errores al intentar interactuar con la impresora.\r\n- Se identifico que el problema no era del hardware de la impresora, sino del sistema operativo.\r\n- Se instalo un antimalware, y se detectaron elementos maliciosos, los cuales se enviaron a cuarentena, solucionando temporalmente el problema de la impresora.','- Dado que la solución no era permanente, sugiriendo una posible afectación del sistema por virus u otros errores críticos.\r\n- Se realizó un respaldo completo de los archivos almacenados en el disco duro.\r\n- Se realizó mantenimiento físico al equipo.\r\n- Se formateó el equipo  para eliminar cualquier daño causado por el software malicioso y se reinstaló Windows 7.\r\n- Se instaló el paquete de Office 2010, Adobe Reader PRO, Chrome, Intranet, WinRar y Avast Antivirus.','TSU Frank Guiche','Ing. Omar Mendoza'),(50,'2024-12-26',46,'RECURSOS HUMANOS','GEORGETTE MARDELLI','CPU HP Compaq NEGRO','MXJ60902LZ','','BUENO','ENCIENDE','- No Aplica.','- Presentaba problemas de conexión a la red por cable.\r\n- Al encender el CPU no se conecta a la red por ningún motivo, pero al reiniciarlo manualmente, la conexión se restablece.','- Se realizó un respaldo completo de los archivos almacenados en el disco duro.\r\n- Se realizó mantenimiento físico al equipo.\r\n- Se formateó el equipo y se reinstaló Windows 7.\r\n- Se instaló el paquete de Office 2010, Adobe Reader, Chrome, Intranet y WinRar.','TSU Frank Guiche','Ing. Omar Mendoza'),(51,'2025-01-30',46,'RECURSOS HUMANOS','GEORGETTE MARDELLI','CPU HP Compaq NEGRO','MXJ60902LZ','','BUENO','ENCIENDE','- No Aplica.','- El equipo sigue presentando problemas de conexión con la red, previamente se realizo un formateo del sistema para intentar solucionar el problema, pero la falla persiste.\r\n- Actualmente, el equipo no enciende de manera normal, requiriendo varios intentos para lograr que arranque. \r\n- La combinación de estos síntomas indica un deterioro progresivo del hardware.','- El problema de conexión a la red, sumado a la dificultad para encender el equipo, sugiere fallos a nivel de hardware, posiblemente en la tarjeta de red, la fuente de poder o la placa base.\r\n- Dado que el formateo del sistema no resolvió la falla de conexión y el equipo ahora presenta problemas mas graves, se considera que esta llegando al final de su vida útil.\r\n- Se recomienda la sustitución del equipo por uno nuevo para evitar interrupciones constantes y garantizar un funcionamiento estable.','TSU Frank Guiche','Ing. Omar Mendoza'),(52,'2025-02-25',160,'HISTORIAS MÉDICAS','YENNY GUAIQUIRIAN','IMPRESORA CANON MF4770N','NXV76667','20020-0021-65','BUENO','ENCIENDE','- No aplica.','- La impresora presentaba atascos de papel y expulsaba fragmentos de plástico al imprimir.\r\n- Las hojas de prueba mostraban manchas en una zona específica, y se encontraron residuos de plástico en el tóner y en la salida del papel.','- Se realizó una revisión exhaustiva del equipo, incluyendo limpieza y pruebas de impresión para detectar el origen del problema.\r\n- Se identificó que el daño proviene del rodillo fusor, el cual presenta desgaste y desprendimiento de material.\r\n- Se recomienda llevar la impresora a un especialista para la sustitución del rodillo fusor.\r\n- No se recomienda seguir utilizando la impresora hasta que se realice la reparación, para evitar daños adicionales.','TSU Frank Guiche','TSU Frank Guiche'),(53,'2025-03-31',NULL,'CUARTO DE DATOS','OMAR MENDOZA','ROUTER DLINK MODELO DIR-601 ','QB1O1A2010454','SIN CODIGO','BUENO','ENCIENDE','- Adaptador de corriente Modelo: AY-0510 (Entrada: 100-240VAC, Salida: 5VDC 1000mA)','- El adaptador de corriente presenta fallas. El router no enciende correctamente a menos que se mueva el cable del adaptador, pero esta solución ya no es efectiva.\r\n- El comportamiento del adaptador indica que ha sufrido daños internos o de contacto, lo que impide que el router reciba la energía necesaria para funcionar de manera estable.','- Se realizó una revisión completa tanto del router como del adaptador de corriente. El router está en perfecto estado, y la falla se encuentra en el adaptador de corriente, el cual presenta problemas de conexión y no permite que el router encienda correctamente.\r\n- El adaptador de corriente muestra fallas intermitentes, lo que sugiere que el adaptador está dañado y necesita ser reemplazado.\r\n- Se recomienda reemplazar el adaptador de corriente defectuoso. Se puede adquirir el mismo modelo (AY-0510) o un adaptador de corriente con características similares, que tenga una entrada de 100-240VAC y una salida de 5VDC 1000mA, para asegurar que el router reciba la energía adecuada.\r\n- Mientras no se reemplace el adaptador de corriente, el servicio de Wi-Fi en el área de recepción, RRHH y otras oficinas, esencial para el uso de celulares, permanecerá fuera de funcionamiento.','TSU Frank Guiche','TSU Frank Guiche'),(54,'2025-04-24',163,'ADMINISTRACIÓN','','IMPRESORA CANON imageCLASS MF4770N','NXC81854','20020-0021-408','BUENO','ENCIENDE','- No Aplica.','- Se revisó la impresora Canon MF4770N, la cual presenta en pantalla el mensaje Error 100-0001.\r\n- Según el manual y la documentación técnica del equipo, este código de error se relaciona con un problema en la unidad láser, el cual puede deberse a suciedad acumulada o la presencia de algún objeto extraño que impida su correcto funcionamiento.\r\n- No se detectaron daños visibles en otras partes del equipo durante la inspección preliminar.','- Se recomienda que el equipo sea revisado por un técnico especializado en impresoras Canon, ya que la unidad láser es un componente delicado y su manipulación requiere conocimientos técnicos específicos.\r\n- Hasta tanto no se realice esta revisión especializada, la impresora permanecerá fuera de servicio y no podrá ser utilizada para impresiones ni escaneos.\r\n- Es aconsejable evitar el uso forzado del equipo para prevenir daños mayores o adicionales.','TSU Frank Guiche','Ing. Omar Mendoza'),(55,'2025-04-24',NULL,' ',' ','IMPRESORA Lexmark X5150','09340642221','XXXX-XX-XX','REGULAR','ENCIENDE','- No Aplica.','- El equipo enciende correctamente, pero presenta múltiples fallas funcionales: No aparece el controlador del escáner en el sistema operativo. No realiza impresiones ni copias. No toma las hojas al intentar sacar una copia. No posee cartucho de tinta instalado (82 - 83).\r\n- El estado general del equipo sugiere desgaste por uso prolongado y posible obsolescencia.','- El equipo no imprime, no escanea ni copia, y presenta fallas mecánicas en el alimentador de hojas. Además, no posee cartucho de tinta, lo que impidió realizar una prueba completa.\r\n- Debido a su antigüedad, la falta de funcionalidad general y la posible incompatibilidad con sistemas actuales, no se recomienda su uso operativo.\r\n- Se sugiere descartar el equipo o almacenarlo como material en desuso, salvo que se disponga de los recursos para una revisión técnica profunda, lo cual no se considera prioritario.','TSU Frank Guiche','Ing. Omar Mendoza'),(56,'2025-04-24',NULL,' ',' ','IMPRESORA XEROX WORKCENTRE M15','PDG-155884','XXXX-XX-XX','REGULAR','ENCIENDE','- No Aplica.','- El equipo enciende correctamente, pero presenta las siguientes fallas: la pantalla y los botones de control no funcionan, lo que impide la navegación por el menú y la configuración directa; tras instalar el controlador, no se logra imprimir ni realizar copias desde el panel frontal, y no se detecta un controlador compatible para las funciones de escaneo.','- La falla de la pantalla y botones limita totalmente la operatividad del equipo.\r\n- Al no imprimir ni escanear, y considerando las dificultades para conseguir controladores compatibles, se concluye que no es funcional en el entorno actual.\r\n- Se recomienda no continuar con el uso del equipo y considerarlo como material en desuso o para descarte, salvo que se destinen recursos para su evaluación y reparación técnica especializada, lo cual no se considera prioritario.','TSU Frank Guiche','Ing. Omar Mendoza'),(57,'2025-05-02',68,'NÓMINA','ALEXANDER VELASQUEZ','CPU VIT Modelo: E2220-03 COLOR NEGRO','AD00710324','20020-0012-358','BUENO','ENCIENDE','- No Aplica.','- Se requería actualizar el sistema operativo por lentitud y que sea compatible con aplicaciones actuales como el paquete de Office 2019 que se requiere para procesos internos.','- Se realizó un respaldo completo de los archivos almacenados en el disco duro.\r\n- Se realizó mantenimiento físico al equipo.\r\n- Se formateó el equipo y se instaló Windows 10.\r\n- Se instaló el paquete de Office 2019, Adobe Reader PRO, Chrome, Intranet, WinRar y Avast Antivirus','TSU Frank Guiche','Ing. Omar Mendoza'),(58,'2025-05-08',157,'FARMACIA','LIRIDA ALMEIDA','IMPRESORA SAMSUNG EXPRESSM2020','070JB8GF9C01E0Y','20020-0021-41','BUENO','ENCIENDE','- No Aplica.','- Botón de encendido hundido (atascado).','- Se procedió a destapar el equipo y se observo que el pulsador del botón esta roto.\r\n- Se recomienda utilizar con delicadeza para evitar romper por completo el botón y se mantenga operativo el equipo.','TSU Frank Guiche','Ing. Omar Mendoza'),(59,'2025-05-20',91,'CALIDAD DE VIDA','','LAPTOP LENOVO G485','259865','20020-0007-454','BUENO','ENCIENDE','- No Aplica.','- El equipo presentaba lentitud extrema y se quedaba colgado durante el arranque, especialmente en la etapa de verificación del disco, lo que impedía el inicio normal del sistema operativo.\r\n- El disco duro muestra un 70 % de vida útil, con señales de desgaste moderado.','- Se realizó una revisión general del equipo, detectando a nivel de hardware que el disco duro presenta un 70 % de vida útil.\r\n- Se efectuó un respaldo completo de los archivos almacenados en el disco.\r\n- Se llevó a cabo mantenimiento físico preventivo al equipo.\r\n- Se formateó el sistema y se instaló Windows 7.\r\n- Se instalaron programas esenciales: Office 2010, Adobe Reader PRO, Chrome, Firefox, Intranet, WinRAR y Avast Antivirus.\r\n- Aunque el equipo quedó funcional, se recomienda hacer seguimiento periódico al estado del disco y considerar su eventual reemplazo, para evitar futuras fallas o pérdida de información que pueda dejar el equipo inoperativo.\r\n\r\n\r\n','TSU Frank Guiche','Ing. Omar Mendoza'),(60,'2025-06-04',41,'NÓMINA','JORMAN LEON','CPU DELL OPTIPLEX MODELO 7010 ','93KP6Z3','20020-0012-1543','BUENO','ENCIENDE','- No Aplica.','- El equipo contaba con instalación original de Windows 11, proveniente de fábrica.\r\n- Se presentó un problema persistente con un archivo de Excel utilizado para los recibos, el cual no podía abrirse correctamente debido a bloqueo por macros. A pesar de múltiples intentos para solucionar el inconveniente, no se logró una ejecución adecuada del archivo.\r\n- Por recomendación del responsable del área, se aprobó la reinstalación del sistema operativo.',' - Se realizó un respaldo completo de los archivos almacenados en el disco duro.\r\n- Se efectuó limpieza física preventiva.\r\n- Se formateó el equipo e instaló Windows 10, con el objetivo de garantizar compatibilidad con archivos críticos de Excel y facilitar el uso de macros.\r\n- Se instalaron los programas habituales para su funcionamiento: Microsoft Office 2019, Google Chrome, Adobe Acrobat Reader, Intranet, y WinRAR.\r\n','TSU Frank Guiche','Ing. Omar Mendoza'),(61,'2025-06-12',157,'FARMACIA','LIRIDA ALMEIDA','IMPRESORA SAMSUNG EXPRESSM2020','070JB8GF9C01E0Y','20020-0021-41','REGULAR','ENCIENDE','- No Aplica.','- El equipo había presentado fallas previas de conectividad y problemas intermitentes para imprimir.\r\n- Actualmente, el equipo enciende y se conecta, pero no imprime. Emite sonidos de que inicia el proceso, pero no entrega ningún documento.\r\n- De parte del ordenador, el estado del trabajo de impresión permanece en espera y se repite el intento varias veces sin éxito, hasta que el equipo se apaga automáticamente.\r\n- Se detectó que la zona del fusor alcanza temperatura durante los intentos, lo que indica que el mecanismo de impresión intenta activarse, sin concretar el proceso. ','- Se descarta un fallo básico de conectividad, alimentación o comunicación. El problema no puede resolverse con mantenimiento básico ni remplazo de componentes externos.\r\n- Se concluye que el equipo presenta una falla interna posiblemente a nivel del fusor o de control electrónico.\r\n- Se recomienda traslado a servicio técnico especializado, ya que podría tratarse de una falla interna en el sistema de impresión.\r\n- El equipo queda inhabilitado hasta su revisión profesional. ','TSU Frank Guiche','Ing. Omar Mendoza'),(62,'2025-06-19',69,'ALMACÉN','DANIEL GUERRA','CPU SONEVIEW PC-1005','151009P20297SP0030','20020-0012-380','BUENO','ENCIENDE','- No Aplica.','- Revisado por solicitud debido a lentitud general en el sistema.\r\n- No se detectaron aplicaciones sospechosas ni presencia de virus.\r\n- El disco duro se encuentra en buen estado.\r\n- El equipo cuenta con características que limitan su rendimiento con las actualizaciones actuales del sistema operativo.\r\n','- Se realizó limpieza física completa, incluyendo cambio de pasta térmica, y limpieza del sistema mediante herramientas especializadas y eliminación manual de archivos temporales.\r\n- A pesar del mantenimiento realizado, el equipo sigue presentando lentitud, probablemente por las limitaciones del procesador con Windows 10.\r\n- Se recomienda instalar un sistema operativo más ligero, como Windows 7 o una versión Windows 10 Lite, siempre que garantice compatibilidad con las aplicaciones y procesos internos utilizados en la unidad. Si aprueban esta recomendación, el procedimiento puede llevarse a cabo sin inconvenientes.','TSU Frank Guiche','Ing. Omar Mendoza'),(63,'2025-06-26',69,'ALMACÉN','DANIEL GUERRA','CPU SONEVIEW PC-1005','151009P20297SP0030','20020-0012-380','BUENO','ENCIENDE','- No Aplica.','- El equipo cuenta con características que limitan su rendimiento.\r\n- Por recomendación del responsable del área, se aprobó la reinstalación del sistema operativo a uno mas ligero y compatible con las\r\naplicaciones y procesos internos realizados en la unidad.','- Se realizó un respaldo completo de los archivos almacenados en el disco duro.\r\n- Se formateó el equipo e instaló Windows 7, con el objetivo de garantizar compatibilidad con archivos críticos de Excel y facilitar el uso de macros.\r\n- Se instalaron los programas habituales para su funcionamiento: Microsoft Office 2016, Google Chrome, Firefox, Adobe Acrobat Reader, Intranet, y WinRAR.','TSU Frank Guiche','Ing. Omar Mendoza');
/*!40000 ALTER TABLE `acta_revision` ENABLE KEYS */;
UNLOCK TABLES;

--
-- Table structure for table `equipos`
--

DROP TABLE IF EXISTS `equipos`;
/*!40101 SET @saved_cs_client     = @@character_set_client */;
/*!40101 SET character_set_client = utf8 */;
CREATE TABLE `equipos` (
  `id` int(11) NOT NULL AUTO_INCREMENT,
  `unidad_id` int(11) NOT NULL,
  `usuario_responsable` varchar(50) NOT NULL,
  `tipo_equipo` varchar(60) NOT NULL,
  `marca` varchar(50) NOT NULL,
  `modelo` varchar(100) NOT NULL,
  `serial` varchar(100) NOT NULL,
  `codigo_bienes` varchar(100) NOT NULL,
  `procesador` varchar(100) NOT NULL,
  `tipo_ram` varchar(60) NOT NULL,
  `cant_memoria` int(11) NOT NULL,
  `tipo_disco` varchar(50) NOT NULL,
  `almacenamiento` varchar(60) NOT NULL,
  `sistema_operativo` varchar(60) NOT NULL,
  `fecha_registro` datetime NOT NULL,
  `encargado_registro` int(11) NOT NULL,
  `fecha_ultima_modificacion` datetime NOT NULL,
  `encargado_modificacion` int(11) NOT NULL,
  `estado` varchar(30) NOT NULL,
  `ubicacion` text NOT NULL,
  `observaciones` text NOT NULL,
  PRIMARY KEY (`id`)
) ENGINE=InnoDB AUTO_INCREMENT=199 DEFAULT CHARSET=utf8mb4;
/*!40101 SET character_set_client = @saved_cs_client */;

--
-- Dumping data for table `equipos`
--

LOCK TABLES `equipos` WRITE;
/*!40000 ALTER TABLE `equipos` DISABLE KEYS */;
INSERT INTO `equipos` VALUES (2,9,'Compartida','Mouse','IMEXX','IME-26985','993015825','3-1800-1-37-2-20020-999-1126','','Selecciona una Opcion',0,'Selecciona una Opcion','','','2024-02-07 12:35:28',1,'2024-06-12 14:55:21',1,'Activo','Recepción Principal',''),(3,1,'Omar Mendoza','CPU','VIT','E2220-03','A000710371','3-1800-1-37-2-20020-0012-435','Intel I7 3770K 3.40Ghz','DDR3',4,'HDD / SATA','1000','WINDOWS 10 ','2024-02-07 12:38:19',1,'2024-06-11 15:27:09',1,'Activo','Infraestructura',''),(10,1,'Omar Mendoza','Monitor','AITEG','W90221S5-D','W921S5D-D7NZ2B15-01880L','3-1800-1-37-2-20020-999-397','','Selecciona una Opcion',0,'Selecciona una Opcion','','','2024-02-07 15:35:12',1,'2024-06-11 15:36:08',1,'Activo','Infraestructura',''),(11,14,'Richard Rodríguez','CPU','SIRAGON','PC-1005','150819P20276SP0272','3-1800-1-37-2-20020-0012-535','Intel G2030 3.00Ghz','DDR3',4,'HDD / SATA','500','Windows 10','2024-02-07 15:43:30',1,'2025-01-06 12:17:07',1,'Activo','Infraestructura','- Se reemplazó el disco duro HDD de 1.000GB que le queda poca vida útil, por uno de 500GB, se procede a formatear e instalar Windows y programas necesarios (Fecha de mantenimiento: 24-12-2024).\r\n- Acta de revisión Nº: 45, 47.'),(12,14,'Richard Rodríguez','Mouse','LOGITECH','M-105','1230HC00SN18','3-1800-1-37-2-20020-999-533','','Selecciona una Opcion',0,'Selecciona una Opcion','','','2024-02-07 15:49:22',1,'2024-06-12 11:42:04',1,'Activo','Infraestructura',''),(13,2,'José Bolívar','CPU','THERMAL MASTER','','TC101BKKR5001132900580','3-1800-1-37-2-20020-0012-470','Intel Celeron CPU G1610@2.60Ghz','DDR3',2,'HDD / SATA','1000','Windows 7','2024-02-07 15:52:27',1,'2024-06-13 09:56:23',1,'Activo','Dirección de Gestión Administrativa',''),(14,2,'Katherine Álvarez','Laptop','Lenovo','G480','MB00354255','3-1800-1-37-2-20020-0007-31','Pentium B970 2.30GHz','DDR3',4,'HDD / SATA','500','Windows 7','2024-02-07 16:11:09',1,'2024-06-20 11:04:00',2,'Activo','Dirección de Gestión Administrativa',''),(18,16,'Lirida Almeida','Laptop','Lenovo','G485','MB00319591','3-1800-1-37-2-20020-0007-10','AMD C-70','DDR3',4,'HDD / SATA','500','WINDOWS 7','2024-04-15 15:25:52',2,'2024-06-11 15:24:54',1,'Activo','Farmacia',''),(19,1,'Omar Mendoza','Monitor','LG','20M37A','501NDDM1W610','3-1800-1-37-2-20020-999-350','','Selecciona una Opcion',0,'Selecciona una Opcion','','','2024-04-16 15:20:47',2,'2024-06-11 15:36:48',1,'Activo','Infraestructura',''),(20,1,'Omar Mendoza','Teclado','HP','SK-2880','BDAEB0BCP3V7ME','3-1800-1-37-2-20020-0011-1307','','Selecciona una Opcion',0,'Selecciona una Opcion','','','2024-04-16 15:24:53',2,'2024-06-12 10:05:47',1,'Activo','Infraestructura',''),(21,14,'Richart Rodriguez','Teclado','GENIUS','KL-0210','ZCA732900693','3-1800-1-37-2-20020-0011-527','','Selecciona una Opcion',0,'Selecciona una Opcion','','','2024-04-16 15:37:06',2,'2024-06-12 11:42:14',1,'Activo','Infraestructura',''),(22,14,'Richart Rodriguez','Impresora','HP','LASER JET P1102W','VND3J74980','3-1800-1-37-2-20020-0021-530','','Selecciona una Opcion',0,'Selecciona una Opcion','','','2024-04-16 16:08:22',2,'2024-06-12 11:42:22',1,'Activo','Infraestructura',''),(23,10,'Eudalys Rojas','CPU','SIRAGON','PC-1500','150819P20276SP0272','3-1800-1-37-2-20020-0012-370','Intel G2030 3,00Ghz','DDR3',4,'HDD / SATA','500','WINDOWS 10','2024-04-16 16:15:49',2,'2024-06-11 15:21:52',1,'Activo','Infraestructura','Se realizó mantenimiento el dia 08/05/2024'),(24,10,'Eudalys Rojas','Monitor','AOC ','Z15LM0041C-00134','FMYD5HA008605','3-1800-1-37-2-20020-999-526','','Selecciona una Opcion',0,'Selecciona una Opcion','','','2024-04-16 16:20:48',2,'2024-06-11 15:33:31',1,'Activo','Infraestructura',''),(25,10,'Eudalys Rojas','Mouse','MYO','MYO-2550','SIN SERIAL','3-1800-1-37-2-20020-999-384','','Selecciona una Opcion',0,'Selecciona una Opcion','','','2024-04-17 08:44:16',2,'2024-06-12 10:17:04',1,'Activo','Infraestructura',''),(26,10,'Eudalys Rojas','Teclado','SIRAGON','SVCPC-1005','K15001205008941','3-1800-1-37-2-20020-0011-368','','Selecciona una Opcion',0,'Selecciona una Opcion','','','2024-04-17 08:47:37',2,'2024-06-12 10:02:34',1,'Activo','Infraestructura',''),(27,6,'Manuel Freites','Laptop','TOSHIBA','SATELITE E557-A5320','13026497P','3-1800-1-37-2-20020-0007-464','Intel I5 4200u 2.3Ghz','DDR3',6,'HDD / SATA','500','WINDOWS 10','2024-04-17 08:52:03',2,'2024-06-14 10:01:49',1,'Activo','Dirección de Gestión Administrativa',''),(28,10,'Eudalys Rojas','Impresora','HP','OFFICEJET 7500A','MY223310J0','3-1800-1-37-2-20020-0021-1465','','Selecciona una Opcion',0,'Selecciona una Opcion','','','2024-04-17 10:06:27',2,'2024-06-12 10:28:34',1,'Activo','Infraestructura',''),(29,1,'Omar Mendoza','Teclado','LENOVO','KU-0225','2366101','3-1800-1-37-2-20020-0011-1306','','Selecciona una Opcion',0,'Selecciona una Opcion','','','2024-04-17 10:24:02',2,'2024-06-12 10:08:49',1,'Activo','Infraestructura Sr. Carrizales',''),(31,10,'Josue Carrizales','Monitor','SAMSUNG','S22D300NY','02EYHCLFB03732L','3-1800-1-37-2-20020-999-367','','Selecciona una Opcion',0,'Selecciona una Opcion','','','2024-04-17 10:48:43',2,'2024-06-11 15:34:09',1,'Activo','Infraestructura',''),(32,1,'Omar Mendoza','Regulador de Voltaje','AVTEK','R8T-601','5662015013676','3-1800-1-37-2-20990-0001-354','','Selecciona una Opcion',0,'Selecciona una Opcion','','','2024-04-17 11:01:18',2,'2024-06-12 10:30:08',1,'Activo','Infraestructura',''),(33,1,'Frank Guiche','CPU','HP','ML110 G7','BRC2120X19','3-1800-1-37-2-20020-XXXX-1275','Intel Xeon E31220 3.10Ghz','DDR3',4,'HDD / SATA','500','Windows 10','2024-04-23 15:13:03',1,'2025-05-05 10:49:58',1,'Activo','Infraestructura','Cuenta con un Disco Duro Adicional de 500GB HDD.'),(34,1,'Frank Guiche','Teclado','HP','KU-0316','BBAVL0KGA1K2OI','3-1800-1-37-2-20020-0011-1267','','Selecciona una Opcion',0,'Selecciona una Opcion','','','2024-04-23 15:20:58',1,'2024-06-12 10:10:31',1,'Activo','Infraestructura',''),(35,1,'Frank Guiche','Monitor','AOC','E943SWNK 185LMOOO12','AOPC59A003455','3-1800-1-37-2-20020-999-1269','','Selecciona una Opcion',0,'Selecciona una Opcion','','','2024-04-23 15:23:34',1,'2024-06-12 10:43:19',1,'Activo','Infraestructura',''),(36,7,'Maribel Farías ','Monitor','DELL','E1920H','CN-0F1XP0-FCC00-32A-E08B-A08','3-1800-1-37-2-20020-999-1548','','Selecciona una Opcion',0,'Selecciona una Opcion','','','2024-04-25 15:38:55',2,'2024-06-11 15:34:56',1,'Activo','Historias Medicas',''),(37,7,'Maribel Farías ','CPU','DELL','7010','HP7HB04','3-1800-1-37-2-20020-0012-1547','INTEL CORE I5 13500','DDR4',8,'SSD','500','WINDOWS 11','2024-04-25 16:28:34',2,'2024-06-11 15:25:43',1,'Activo','Registro de Citas',''),(38,7,'Maribel Farías','Mouse','DELL','MS116T1','CN-065K5F-L0300-360-0155','3-1800-1-37-2-20020-999-1549','','Selecciona una Opcion',0,'Selecciona una Opcion','','','2024-04-25 16:45:32',2,'2024-06-12 10:18:03',1,'Activo','Registro de Citas',''),(39,7,'Maribel Farías','Teclado','DELL','KB216t1','CN-0081N8-L0300-3A5-A2VH-A04','3-1800-1-37-2-20020-0011-1550','','Selecciona una Opcion',0,'Selecciona una Opcion','','','2024-04-25 16:47:09',2,'2024-06-12 10:05:32',1,'Activo','Registro de Citas',''),(40,4,'Jorman León ','Monitor','DELL','E1920H','CN-0F1XP0-FCC00-32A-DWYB-A08','3-1800-1-37-2-20020-999-1545','','Selecciona una Opcion',0,'Selecciona una Opcion','','','2024-04-25 16:50:33',2,'2024-06-11 15:38:02',1,'Activo','Oficina de Recursos Humanos',''),(41,4,'Jorman León ','CPU','DELL','7010','93KP6Z3','3-1800-1-37-2-20020-0012-1543','INTEL CORE I5 13500','DDR4',8,'SSD','500','WINDOWS 11','2024-04-25 16:54:38',2,'2024-06-11 15:29:03',1,'Activo','Oficina de Recursos Humanos',''),(42,9,'Compartida','Monitor','BENQ','ET-0024-TA','ETWAB05621019','3-1800-1-37-2-20020-999-432','','Selecciona una Opcion',0,'Selecciona una Opcion','','','2024-05-14 14:35:31',1,'2024-06-12 11:42:33',1,'Activo','Recepción Emergencia',''),(43,9,'Compartida','CPU','HP','Compaq dc5800','MXJ8350D7Q','3-1800-1-37-2-20020-0012-83','Pentium 4','DDR2',2,'HDD / SATA','160','Windows 7','2024-05-14 14:43:35',1,'2024-06-12 11:42:42',1,'Activo','Recepción Emergencia',''),(44,9,'Compartida','Teclado','HP','sk-2880','BC337OFVBW43ZZ','20020-XXXX-85','','Selecciona una Opcion',0,'Selecciona una Opcion','','','2024-05-14 14:49:52',1,'2024-06-12 11:42:50',1,'Activo','Recepción Emergencia ',''),(45,15,'Omar Mendoza','Router','TP-LINK','N750','13972700587','20020-XXXX-1270','','Selecciona una Opcion',0,'Selecciona una Opcion','','','2024-06-05 10:58:55',2,'0000-00-00 00:00:00',0,'Activo','Cuarto de datos','Router principal'),(48,2,'Omar Mendoza','Router','PIXLINK','','','','','Selecciona una Opcion',0,'Selecciona una Opcion','','','2024-06-05 15:24:22',2,'0000-00-00 00:00:00',0,'Activo','Administracion sobre escritorio de Lcda. Lirimar.',''),(49,17,'Omar Mendoza','Router','PIXLINK2','N300','2021123478M','20020-XXXX-1002','','Selecciona una Opcion',0,'Selecciona una Opcion','','','2024-06-05 15:26:40',2,'2024-06-05 15:30:01',2,'Activo','Oficina de infraestructura',''),(50,2,'Omar Mendoza','Router','Tp-LINK WA5210G','TL-WA5210G','','','','Selecciona una Opcion',0,'Selecciona una Opcion','','','2024-06-05 15:44:54',2,'0000-00-00 00:00:00',0,'Activo','Administración detras del mueble de la impresora Canon. ',''),(51,10,'Josué Carrizales','CPU','DELL','7010','HQ7HB04','3-1800-1-37-2-20020-0012-1551','INTEL CORE I5 13500','DDR4',8,'SSD','500','Windows 11','2024-06-12 10:47:50',1,'0000-00-00 00:00:00',0,'Activo','Infraestructura',''),(52,5,'Jenny Gómez','CPU','DELL','7010','J4XK6Z3','3-1800-1-37-2-20020-0012-1555','INTEL CORE I5 13500','DDR4',8,'SSD','500','Windows 11','2024-06-12 10:50:55',1,'0000-00-00 00:00:00',0,'Activo','',''),(53,2,'Deinor Figuera','CPU','DELL','7010','CXJP6Z3','3-1800-1-37-2-20020-0012-1559','INTEL CORE I5 13500','DDR4',8,'SSD','500','Windows 11','2024-06-12 10:53:36',1,'0000-00-00 00:00:00',0,'Activo','Dirección de Gestión Administrativa',''),(54,10,'Josué Carrizales','Monitor','DELL','E1920H','CN-0F1XP0-FCC00-32A-DYLB-A08','3-1800-1-37-2-20020-999-1552','','Selecciona una Opcion',0,'Selecciona una Opcion','','','2024-06-12 10:58:06',1,'0000-00-00 00:00:00',0,'Activo','Infraestructura ',''),(55,5,'Jenny Gómez','Monitor','DELL','E1920H','CN-0F1XP0-FCC00-32A-DYJB-A08','3-1800-1-37-2-20020-999-1556','','Selecciona una Opcion',0,'Selecciona una Opcion','','','2024-06-12 11:00:20',1,'0000-00-00 00:00:00',0,'Activo','',''),(56,2,'Deinor Figuera','Monitor','DELL','E1920H','CN-0F1XP0-FCC00-32A-EOCB-A08','3-1800-1-37-2-20020-999-1560','','Selecciona una Opcion',0,'Selecciona una Opcion','','','2024-06-12 11:01:16',1,'0000-00-00 00:00:00',0,'Activo','Dirección de Gestión Administrativa',''),(57,10,'Josué Carrizales','Mouse','DELL','MS116t1','CN-065K5F-LO300-36Q-03BS','3-1800-1-37-2-20020-999-1553','','Selecciona una Opcion',0,'Selecciona una Opcion','','','2024-06-12 11:02:14',1,'0000-00-00 00:00:00',0,'Activo','Infraestructura',''),(58,5,'Jenny Gómez','Mouse','DELL','MS116t1','CN-065K5F-LO300-36Q-02XN','3-1800-1-37-2-20020-999-1557','','Selecciona una Opcion',0,'Selecciona una Opcion','','','2024-06-12 11:13:53',1,'0000-00-00 00:00:00',0,'Activo','',''),(59,2,'Deinor Figuera','Mouse','DELL','MS116t1','CN-065K5F-LO300-3A4-095K','3-1800-1-37-2-20020-999-1561','','Selecciona una Opcion',0,'Selecciona una Opcion','','','2024-06-12 11:14:50',1,'0000-00-00 00:00:00',0,'Activo','Dirección de Gestión Administrativa',''),(60,4,'Jorman León ','Mouse','DELL','MS116t1','CN-065K5F-LO300-36R-0EY8','3-1800-1-37-2-20020-0012-1544','','Selecciona una Opcion',0,'Selecciona una Opcion','','','2024-06-12 11:17:23',1,'0000-00-00 00:00:00',0,'Activo','Oficina de Recursos Humanos',''),(61,4,'Jorman León ','Teclado','DELL','KB216t3','CN-0081N8-LO300-360-00VB-A04','3-1800-1-37-2-20020-0011-1546','','Selecciona una Opcion',0,'Selecciona una Opcion','','','2024-06-12 11:18:11',1,'0000-00-00 00:00:00',0,'Activo','Oficina de Recursos Humanos',''),(62,10,'Josué Carrizales','Teclado','DELL','KB216t1','CN-0081N8-LO300-3A5-A2SQ-A04','3-1800-1-37-2-20020-0011-1554','','Selecciona una Opcion',0,'Selecciona una Opcion','','','2024-06-12 11:21:45',1,'0000-00-00 00:00:00',0,'Activo','Infraestructura',''),(63,5,'Jenny Gómez','Teclado','DELL','KB216t1','CN-0081N8-LO300-36N-0FFC-A04','3-1800-1-37-2-20020-0011-1558','','Selecciona una Opcion',0,'Selecciona una Opcion','','','2024-06-12 11:23:15',1,'0000-00-00 00:00:00',0,'Activo','',''),(64,2,'Deinor Figuera','Teclado','DELL','KB216t1','CN-0081N8-LO300-36N-0QWQ-A04','3-1800-1-37-2-20020-0011-1562','','Selecciona una Opcion',0,'Selecciona una Opcion','','','2024-06-12 11:23:59',1,'0000-00-00 00:00:00',0,'Activo','Dirección de Gestión Administrativa',''),(65,7,'Sin Definir','CPU','SONEVIEW','PC-1005','151001P202945P0146','3-1800-1-37-2-20020-0012-5','','Selecciona una Opcion',0,'Selecciona una Opcion','','','2024-06-14 10:05:46',1,'0000-00-00 00:00:00',0,'Activo','',''),(66,3,'Sin Definir','CPU','vIT','E2220-03','A000710360','3-1800-1-37-2-20020-0012-76','','Selecciona una Opcion',0,'Selecciona una Opcion','','','2024-06-14 10:08:18',1,'2024-06-14 10:23:46',1,'Activo','',''),(67,9,'Sin Definir','CPU','SONEVIEW','PC-1005','150716P20260SP0057','3-1800-1-37-2-20020-0012-353','','Selecciona una Opcion',0,'Selecciona una Opcion','','','2024-06-14 10:10:18',1,'0000-00-00 00:00:00',0,'Activo','',''),(68,4,'Alexander Velasquez','CPU','VIT','E2220-03','AD00710324','3-1800-1-37-2-20020-0012-358','AMD Sempron(tm) 145 Processor 2.80GHz','DDR3',4,'HDD / SATA','1000','Windows 10','2024-06-14 10:18:27',1,'2025-05-05 10:06:36',1,'Activo','Oficina de Nómina',''),(69,11,'Daniel Guerra','CPU','SONEVIEW','PC-1005','151009P20297SP0030','3-1800-1-37-2-20020-0012-380','AMD Sempron 2650 CPU with Radeon R3 1.45GHz','DDR3',4,'HDD / SATA','500','Windows 7','2024-06-14 10:19:15',1,'2025-06-26 09:19:51',1,'Activo','Almacén ','Pendiente de posible formateo. Acta de revisión Nº 62. \\\r\nSe reinstaló el sistema operativo (Windows 10 Original a Windows 7 MiniOS). Acta de revisión Nº 63.'),(70,6,'Sin Definir','CPU','VIT','E2220-03','A000710361','3-1800-1-37-2-20020-0012-429','','Selecciona una Opcion',0,'Selecciona una Opcion','','','2024-06-14 10:19:54',1,'0000-00-00 00:00:00',0,'Activo','',''),(71,3,'Sin Definir','Laptop','LENOVO','G485','00257559','3-1800-1-37-2-20020-0007-7','','Selecciona una Opcion',0,'Selecciona una Opcion','','','2024-06-14 10:23:52',1,'0000-00-00 00:00:00',0,'Activo','',''),(72,5,'Sin Definir','Laptop','LENOVO','G480','42135','3-1800-1-37-2-20020-0007-478','','Selecciona una Opcion',0,'Selecciona una Opcion','','','2024-06-14 10:26:13',1,'0000-00-00 00:00:00',0,'Activo','',''),(73,13,'Eusebio Sánchez','Laptop','LENOVO','G485','MB00257341','3-1800-1-37-2-20020-0007-448','AMD C-70 1.0GHz','DDR3',2,'HDD / SATA','500','WINDOWS 7','2024-06-14 10:29:10',1,'2024-06-20 11:28:31',2,'Activo','Oficina de Seguridad',''),(74,7,'Sin Definir','Monitor','AITEG','W921S5D-D7','MZ2B278- 02609J','3-1800-1-37-2-20020-999-4','','Selecciona una Opcion',0,'Selecciona una Opcion','','','2024-06-14 10:30:44',1,'0000-00-00 00:00:00',0,'Activo','',''),(75,8,'Sin Definir','Monitor','AITEG','W9021S5-D','D7NZ2B013-01481E','3-1800-1-37-2-20020-999-28','','Selecciona una Opcion',0,'Selecciona una Opcion','','','2024-06-14 10:32:36',1,'0000-00-00 00:00:00',0,'Activo','',''),(76,3,'Sin Definir','Monitor','SAMSUNG','S19B150N','Z8H4LC908452E','3-1800-1-37-2-20020-999-73','','Selecciona una Opcion',0,'Selecciona una Opcion','','','2024-06-14 10:33:33',1,'0000-00-00 00:00:00',0,'Activo','',''),(77,3,'Sin Definir','Monitor','VIT','V215EWD-B','C16D8BA000869','3-1800-1-37-2-20020-999-75','','Selecciona una Opcion',0,'Selecciona una Opcion','','','2024-06-14 10:34:39',1,'0000-00-00 00:00:00',0,'Activo','',''),(78,9,'Sin Definir','Monitor','HP','L1710','CNC821NR6T','3-1800-1-37-2-20020-999-84','','Selecciona una Opcion',0,'Selecciona una Opcion','','','2024-06-14 10:35:33',1,'0000-00-00 00:00:00',0,'Activo','',''),(79,4,'Sin Definir','Monitor','VIT','V215EWD-B','C16D8BA000369','3-1800-1-37-2-20020-999-355','','Selecciona una Opcion',0,'Selecciona una Opcion','','','2024-06-14 10:36:14',1,'0000-00-00 00:00:00',0,'Activo','',''),(80,13,'Sin Definir','Monitor','SAMSUNG','S22C150','ZYSTH4LD700173N','3-1800-1-37-2-20020-999-364','','Selecciona una Opcion',0,'Selecciona una Opcion','','','2024-06-14 10:37:15',1,'0000-00-00 00:00:00',0,'Activo','',''),(81,11,'Sin Definir','Monitor','LG','20M37A-B','412NDJXCC212','3-1800-1-37-2-20020-999-377','','Selecciona una Opcion',0,'Selecciona una Opcion','','','2024-06-14 10:38:00',1,'0000-00-00 00:00:00',0,'Activo','',''),(82,6,'Sin Definir','Monitor','VIT','V215EWD-B','C16D8BA000374','3-1800-1-37-2-20020-999-426','','Selecciona una Opcion',0,'Selecciona una Opcion','','','2024-06-14 10:39:02',1,'0000-00-00 00:00:00',0,'Activo','',''),(83,13,'Sin Definir','Monitor','VIT','V215EW-B','C0BB809150000105','3-1800-1-37-2-20020-999-458','','Selecciona una Opcion',0,'Selecciona una Opcion','','','2024-06-14 10:39:57',1,'0000-00-00 00:00:00',0,'Activo','',''),(84,2,'Sin Definir','Monitor','SAMSUNG','LS19B150','ZWZ8H4LC910939E','3-1800-1-37-2-20020-999-467','','Selecciona una Opcion',0,'Selecciona una Opcion','','','2024-06-14 10:40:48',1,'0000-00-00 00:00:00',0,'Activo','',''),(85,13,'Eusebio Sánchez','Monitor','LG','20M37A-B','501NDXQ1W642','3-1800-1-37-2-20020-999-488','','Selecciona una Opcion',0,'Selecciona una Opcion','','','2024-06-14 10:41:38',1,'2024-09-18 12:08:14',1,'Inactivo','Infraestructura (Temporalmente).','Enciende y funciona perfectamente. No tiene el cable regulador de corriente. '),(86,2,'ANALISTA DE PLANIFICACION (ALICIA OTERO)','Laptop','LENOVO','G485','MB00257212','3-1800-1-37-2-20020-0007-46','AMD C-70 1.00 GHz','DDR3',2,'HDD / SATA','500','WINDOWS 7','2024-06-14 10:44:17',1,'2024-10-14 09:35:59',1,'Activo','Oficina de Administración. ',''),(87,2,'ANALISTA DE PRESUPUESTO (ELENIA DECENA)','Laptop','HP','G600','5CG3274QWY ','3-1800-1-37-2-20020-0007-53','CELERON 1000M 1.80 GHz','DDR3',4,'HDD / SATA','500','WINDOWS 7','2024-06-14 10:46:40',1,'2024-06-20 11:44:17',1,'Activo','Oficina de Administración ','No posee Batería.'),(88,4,'NOMINA (JORMAN LEON)','Laptop','LENOVO','G480','MB00409151','3-1800-1-37-2-20020-0007-382','I3-3120M 2.50GHz','DDR3',4,'HDD / SATA','500','Windows 7','2024-06-14 10:47:42',1,'2025-05-11 12:01:34',1,'Activo','Oficina de Recursos Humanos','El día 06/01/2025 presento fallas en el teclado, algunas teclas no funcionan. Acta de revisión Nº 48.'),(89,4,'SELECCION Y RECLUTAMIENTO (YOLENNY BRITO)','Laptop','LENOVO','G485','SIN SERIAL','3-1800-1-37-2-20020-0007-406','AMD C-70 1.00 GHz','DDR3',2,'HDD / SATA','500','Windows 7','2024-06-14 10:48:35',1,'2024-06-20 11:12:13',1,'Activo','Call Center',''),(90,4,'ANALISTA DE PERSONAL (JENNY MORALES)','Laptop','LENOVO','G480','MB00408152','3-1800-1-37-2-20020-0007-424','I3-3120M 2.50GHz','DDR3',4,'HDD / SATA','500','Windows 7','2024-06-14 10:49:31',1,'2024-10-02 15:18:05',1,'Activo','Call Center','-Cuenta con cargador operativo. -Se reinstaló Windows 7 MiniOS PRO, el 02/10/2024. Para solventar problemas en sus rendimiento general.'),(91,4,'CALIDAD DE VIDA','Laptop','LENOVO','G485','259865','3-1800-1-37-2-20020-0007-454','AMD C-70 1.00 GHz','DDR3',2,'HDD / SATA','500','Windows 7','2024-06-14 10:50:23',1,'2025-05-11 12:03:50',1,'Activo','Oficina temporal de calidad de vida.','El día 20/05/2025 se actualizó el Sistema Operativo, por lentitud debido al estado del disco duro que está en 70% de vida útil.\r\nActa de revisión Nº 59.'),(92,24,'Annaloy Mata','Laptop','LENOVO','G485','MB00257200','3-1800-1-37-2-20020-0007-403','AMD C-70 1.00 GHz','DDR3',2,'HDD / SATA','500','Windows 7','2024-06-14 10:52:01',1,'2025-05-11 12:04:17',1,'Activo','Presidencia','Cuenta con cargador operativo.\r\nSe reinstaló Windows 7 MiniOS PRO, el 11/09/2024. Para solventar problemas en sus rendimiento general.\r\nActa de revisión Nº 42.'),(93,21,'Sin Definir','CPU','DELL','PRECISION T3500','2XPHCP1 6391748485','3-1800-1-37-2-20020-0012-19','','Selecciona una Opcion',0,'Selecciona una Opcion','','','2024-06-14 11:36:55',1,'0000-00-00 00:00:00',0,'Activo','',''),(94,2,'TESORERIA','CPU','SONEVIEW','PC-1005','151009P20297SP0484','3-1800-1-37-2-20020-0012-32','','Selecciona una Opcion',0,'Selecciona una Opcion','','','2024-06-14 11:37:59',1,'0000-00-00 00:00:00',0,'Activo','',''),(95,20,'EMERGENCIA ADULTOS','CPU','VIT','E2220-03','000710324','3-1800-1-37-2-20020-0012-45','','Selecciona una Opcion',0,'Selecciona una Opcion','','','2024-06-14 11:38:52',1,'0000-00-00 00:00:00',0,'Activo','',''),(96,2,'Lirimar Arreaza','CPU','HP','Sin identificar','MXL30404NM','3-1800-1-37-2-20020-0012-48','Intel(R) Pentium(R) CPU G640 2.80Ghz','DDR3',2,'HDD / SATA','500','Windows 7','2024-06-14 11:41:09',1,'2025-01-28 10:56:29',1,'Activo','Oficina de Administración.','- Ultimo mantenimiento: 24/01/2025'),(97,2,'CONTABILIDAD','CPU','USA-NET','','','3-1800-1-37-2-20020-0012-56','','Selecciona una Opcion',0,'Selecciona una Opcion','','','2024-06-14 11:42:26',1,'0000-00-00 00:00:00',0,'Activo','',''),(98,23,'CONSULTORIO GOBERNACION','CPU','HP','COMPAQ PRO 4300','','3-1800-1-37-2-20020-0012-1198','','Selecciona una Opcion',0,'Selecciona una Opcion','','','2024-06-14 11:43:39',1,'0000-00-00 00:00:00',0,'Activo','',''),(99,21,'Sin Definir','Monitor','ELZO','FLEXSCAN S2100','67451120','3-1800-1-37-2-20020-999-20','','Selecciona una Opcion',0,'Selecciona una Opcion','','','2024-06-14 11:47:39',1,'0000-00-00 00:00:00',0,'Activo','',''),(100,2,'TESORERIA','Monitor','LG','20M37A-B','412NDKDCC253','3-1800-1-37-2-20020-999-35','','Selecciona una Opcion',0,'Selecciona una Opcion','','','2024-06-14 11:48:29',1,'0000-00-00 00:00:00',0,'Activo','',''),(101,20,'EMERGENCIA ADULTOS','Monitor','VIT','V215EWD-B','16D8BA000326','3-1800-1-37-2-20020-999-42','','Selecciona una Opcion',0,'Selecciona una Opcion','','','2024-06-14 11:49:22',1,'0000-00-00 00:00:00',0,'Activo','',''),(102,2,'Lirimar Arreaza','Monitor','LG','FLATRON 19EN336A','301NDFV7R563','3-1800-1-37-2-20020-999-47','','Selecciona una Opcion',0,'Selecciona una Opcion','','','2024-06-14 11:50:05',1,'2025-01-28 10:21:54',1,'Activo','Oficina Administración.',''),(103,2,'CONTABILIDAD','Monitor','AITEG','W921S5D','D7MZ2B278-02843J','3-1800-1-37-2-20020-999-57','','Selecciona una Opcion',0,'Selecciona una Opcion','','','2024-06-14 11:51:03',1,'0000-00-00 00:00:00',0,'Activo','',''),(104,22,'Sin Definir','Monitor','VIT','V215EWD-B','C16D8BA000318 COBB80915000','3-1800-1-37-2-20020-999-74','','Selecciona una Opcion',0,'Selecciona una Opcion','','','2024-06-14 11:52:00',1,'0000-00-00 00:00:00',0,'Activo','',''),(105,14,'Richart Rodriguez','Monitor','SAMSUNG','S22D300','02EYHCLFB03144A','3-1800-1-37-2-20020-999-531','','Selecciona una Opcion',0,'Selecciona una Opcion','','','2024-06-14 11:53:03',1,'0000-00-00 00:00:00',0,'Activo','',''),(106,23,'CONSULTORIO GOBERNACION','Monitor','LG','FLATRON 19EN33-B','19EN33LA','3-1800-1-37-2-20020-999-1199','','Selecciona una Opcion',0,'Selecciona una Opcion','','','2024-06-14 11:54:23',1,'0000-00-00 00:00:00',0,'Activo','',''),(107,7,'Sin Definir','Mouse','VIT','','PN: COA4A1000030K000','3-1800-1-37-2-20020-999-3','','Selecciona una Opcion',0,'Selecciona una Opcion','','','2024-06-14 11:59:46',1,'0000-00-00 00:00:00',0,'Activo','',''),(108,2,'ANALISTA DE PRESUPUESTO','Mouse','MICROSOFT','','P/N X822088-001','3-1800-1-37-2-20020-999-55','','Selecciona una Opcion',0,'Selecciona una Opcion','','','2024-06-14 12:00:28',1,'0000-00-00 00:00:00',0,'Activo','',''),(109,2,'CONTABILIDAD','Mouse','HP','','P/N 590509-001','3-1800-1-37-2-20020-999-58','','Selecciona una Opcion',0,'Selecciona una Opcion','','','2024-06-14 12:02:26',1,'0000-00-00 00:00:00',0,'Activo','',''),(110,2,'TESORERIA','Mouse','IMEXX','26985','','3-1800-1-37-2-20020-999-70','','Selecciona una Opcion',0,'Selecciona una Opcion','','','2024-06-14 12:03:06',1,'0000-00-00 00:00:00',0,'Activo','',''),(111,2,'Lirimar Arreaza','Mouse','IMEXX','26985','SIN SERIAL','3-1800-1-37-2-20020-999-71','','Selecciona una Opcion',0,'Selecciona una Opcion','','','2024-06-14 12:03:36',1,'2025-01-28 10:23:21',1,'Activo','Oficina de Administración. ',''),(112,5,'Sin Definir','Mouse','IMEXX','26985','','3-1800-1-37-2-20020-999-72','','Selecciona una Opcion',0,'Selecciona una Opcion','','','2024-06-14 12:04:08',1,'0000-00-00 00:00:00',0,'Activo','',''),(113,3,'Sin Definir','Mouse','IMEXX','IME-26300','LOT: 993014242','3-1800-1-37-2-20020-999-78','','Selecciona una Opcion',0,'Selecciona una Opcion','','','2024-06-14 12:04:38',1,'0000-00-00 00:00:00',0,'Activo','',''),(114,9,'Sin Definir','Mouse','HP','MOFXKO','FCGLH0D0W3TBGG','3-1800-1-37-2-20020-999-86','','Selecciona una Opcion',0,'Selecciona una Opcion','','','2024-06-14 12:05:37',1,'0000-00-00 00:00:00',0,'Activo','',''),(115,4,'Sin Definir','Mouse','VIT','DOK-M696','COA4A1000030K000','3-1800-1-37-2-20020-999-357','','Selecciona una Opcion',0,'Selecciona una Opcion','','','2024-06-14 12:07:20',1,'0000-00-00 00:00:00',0,'Activo','',''),(116,6,'Sin Definir','Mouse','SIRAGON','KBM-1500','M125120508941','3-1800-1-37-2-20020-999-369','','Selecciona una Opcion',0,'Selecciona una Opcion','','','2024-06-14 12:08:16',1,'0000-00-00 00:00:00',0,'Activo','',''),(117,11,'Sin Definir','Mouse','SONEVIEW','','','3-1800-1-37-2-20020-999-379','','Selecciona una Opcion',0,'Selecciona una Opcion','','','2024-06-14 12:09:01',1,'0000-00-00 00:00:00',0,'Activo','',''),(118,6,'Sin Definir','Mouse','VIT','DOX M696','','3-1800-1-37-2-20020-999-428','','Selecciona una Opcion',0,'Selecciona una Opcion','','','2024-06-14 12:09:33',1,'0000-00-00 00:00:00',0,'Activo','',''),(119,2,'Sin Definir','Mouse','GENIUS','NETSCROLL200','GM-070005','3-1800-1-37-2-20020-999-469','','Selecciona una Opcion',0,'Selecciona una Opcion','','','2024-06-14 12:10:13',1,'0000-00-00 00:00:00',0,'Activo','',''),(120,20,'EMERGENCIA ADULTOS','Mouse','IMEXX','26985','','3-1800-1-37-2-20020-999-1058','','Selecciona una Opcion',0,'Selecciona una Opcion','','','2024-06-14 12:11:05',1,'0000-00-00 00:00:00',0,'Activo','',''),(121,21,'Sin Definir','Mouse','VIT','DOK-M696','C0A4A1000030K000','3-1800-1-37-2-20020-999-1124','','Selecciona una Opcion',0,'Selecciona una Opcion','','','2024-06-14 12:11:43',1,'0000-00-00 00:00:00',0,'Activo','',''),(122,2,'ANALISTA DE PLANIFICACION','Mouse','IMEXX','26985','','3-1800-1-37-2-20020-999-1125','','Selecciona una Opcion',0,'Selecciona una Opcion','','','2024-06-14 12:12:44',1,'0000-00-00 00:00:00',0,'Activo','',''),(123,6,'Sin Definir','Mouse','IMEXX','26985','','3-1800-1-37-2-20020-999-1169','','Selecciona una Opcion',0,'Selecciona una Opcion','','','2024-06-14 12:13:27',1,'0000-00-00 00:00:00',0,'Activo','',''),(124,22,'Sin Definir','Mouse','MYO','MYO-2550','','3-1800-1-37-2-20020-999-1178','','Selecciona una Opcion',0,'Selecciona una Opcion','','','2024-06-14 12:14:04',1,'0000-00-00 00:00:00',0,'Activo','',''),(125,23,'CONSULTORIO GOBERNACION','Mouse','HP',' 600553-002','','3-1800-1-37-2-20020-999-1201','','Selecciona una Opcion',0,'Selecciona una Opcion','','','2024-06-14 12:14:38',1,'0000-00-00 00:00:00',0,'Activo','',''),(126,10,'Sin Definir','Mouse','HP','M-SBF96','P/N: 537748-001','3-1800-1-37-2-20020-999-1305','','Selecciona una Opcion',0,'Selecciona una Opcion','','','2024-06-14 12:16:13',1,'0000-00-00 00:00:00',0,'Activo','',''),(127,13,'Eusebio Sánchez','Mouse','VIT','DOK-M696','C04A100030K000','3-1800-1-37-2-20020-999-1381','','Selecciona una Opcion',0,'Selecciona una Opcion','','','2024-06-14 12:16:55',1,'0000-00-00 00:00:00',0,'Activo','',''),(128,13,'Eusebio Sánchez','Mouse','MAXELL','WD ENTRY LEVEL','02606048AR04506','3-1800-1-37-2-20020-999-1382','','Selecciona una Opcion',0,'Selecciona una Opcion','','','2024-06-14 12:22:58',1,'0000-00-00 00:00:00',0,'Activo','',''),(129,1,'Sin Definir','Mouse','','MS111-P','CN-011D3V-71561-06M-OPGO','3-1800-1-37-2-20020-999-1565','','Selecciona una Opcion',0,'Selecciona una Opcion','','','2024-06-14 12:23:41',1,'0000-00-00 00:00:00',0,'Activo','',''),(130,9,'Sin Definir','Mouse','GENIUS','GM-04003P','118738005491','3-1800-1-37-2-20020-999-1566','','Selecciona una Opcion',0,'Selecciona una Opcion','','','2024-06-14 12:24:26',1,'0000-00-00 00:00:00',0,'Activo','',''),(131,7,'Sin Definir','Teclado','USA-NET','','','3-1800-1-37-2-20020-0011-2','','Selecciona una Opcion',0,'Selecciona una Opcion','','','2024-06-18 10:46:11',1,'0000-00-00 00:00:00',0,'Activo','',''),(132,21,'Sin Definir','Teclado','DELL','','OT347F -71616-118-0FJR-A01','3-1800-1-37-2-20020-0011-21','','Selecciona una Opcion',0,'Selecciona una Opcion','','','2024-06-18 10:48:21',1,'0000-00-00 00:00:00',0,'Activo','',''),(133,8,'Sin Definir','Teclado','USA-NET','','','3-1800-1-37-2-20020-0011-30','','Selecciona una Opcion',0,'Selecciona una Opcion','','','2024-06-18 10:49:08',1,'0000-00-00 00:00:00',0,'Activo','',''),(134,2,'TESORERIA','Teclado','SONEVIEW','','K31001205019609','3-1800-1-37-2-20020-0011-33','','Selecciona una Opcion',0,'Selecciona una Opcion','','','2024-06-18 10:49:39',1,'0000-00-00 00:00:00',0,'Activo','',''),(135,20,'EMERGENCIA ADULTOS','Teclado','VIT','DOK-K5313','SIN SERIAL','3-1800-1-37-2-20020-0011-43','','Selecciona una Opcion',0,'Selecciona una Opcion','','','2024-06-18 10:50:23',1,'2024-06-18 11:00:46',1,'Activo','',''),(136,2,'Lirimar Arreaza','Teclado','HP','KB-0316','BDAEV0QVB3U1DW','3-1800-1-37-2-20020-0011-49','','Selecciona una Opcion',0,'Selecciona una Opcion','','','2024-06-18 10:57:06',1,'2025-01-28 10:24:21',1,'Activo','Oficina de Administración.',''),(137,2,'ANALISTA DE PRESUPUESTO','Teclado','MICROSOFT','1406','0200704689482','3-1800-1-37-2-20020-0011-54','','Selecciona una Opcion',0,'Selecciona una Opcion','','','2024-06-18 10:57:50',1,'0000-00-00 00:00:00',0,'Activo','',''),(138,2,'CONTABILIDAD','Teclado','MICROSOFT','1406','S/N: 0200704645903','3-1800-1-37-2-20020-0011-59','','Selecciona una Opcion',0,'Selecciona una Opcion','','','2024-06-18 10:58:33',1,'0000-00-00 00:00:00',0,'Activo','',''),(139,3,'Sin Definir','Teclado','VIT','DOK-K5313','KBD803K12942A','3-1800-1-37-2-20020-0011-77','','Selecciona una Opcion',0,'Selecciona una Opcion','','','2024-06-18 10:59:16',1,'0000-00-00 00:00:00',0,'Activo','',''),(140,11,'Sin Definir','Teclado','SONEVIEW','SCV PC-1005','K31001205021181','3-1800-1-37-2-20020-0011-378','','Selecciona una Opcion',0,'Selecciona una Opcion','','','2024-06-18 11:00:53',1,'0000-00-00 00:00:00',0,'Activo','',''),(141,6,'Sin Definir','Teclado','VIT','DOK-K5313','KBD803K12926A','3-1800-1-37-2-20020-0011-427','','Selecciona una Opcion',0,'Selecciona una Opcion','','','2024-06-18 11:01:55',1,'0000-00-00 00:00:00',0,'Activo','',''),(142,1,'Sin Definir','Teclado','VIT','DOK-K5313','KDB803K12947A','3-1800-1-37-2-20020-0011-433','','Selecciona una Opcion',0,'Selecciona una Opcion','','','2024-06-18 11:02:43',1,'0000-00-00 00:00:00',0,'Activo','',''),(143,9,'Sin Definir','Teclado','MICROSOFT','KEYBOARD 200','0200704687647','3-1800-1-37-2-20020-0011-452','','Selecciona una Opcion',0,'Selecciona una Opcion','','','2024-06-18 11:05:06',1,'0000-00-00 00:00:00',0,'Activo','',''),(144,2,'DIRECCION DE GESTION ADMINISTRATIVA','Teclado','GENIUS','GK-070006/U','YB37CIVI0955','3-1800-1-37-2-20020-0011-468','','Selecciona una Opcion',0,'Selecciona una Opcion','','','2024-06-18 11:06:05',1,'0000-00-00 00:00:00',0,'Activo','',''),(145,4,'Sin Definir','Teclado','SONEVIEW','PC-1005','K31001205013748','3-1800-1-37-2-20020-0011-501','','Selecciona una Opcion',0,'Selecciona una Opcion','','','2024-06-18 11:06:50',1,'0000-00-00 00:00:00',0,'Activo','',''),(146,4,'Sin Definir','Teclado','GENIUS','KB-06XE','2M7802210958','3-1800-1-37-2-20020-0011-1108','','Selecciona una Opcion',0,'Selecciona una Opcion','','','2024-06-18 11:08:54',1,'0000-00-00 00:00:00',0,'Activo','',''),(147,23,'CONSULTORIO GOBERNACION','Teclado','HP','KV-0316','BDAEV0QVB3U256','3-1800-1-37-2-20020-0011-1200','','Selecciona una Opcion',0,'Selecciona una Opcion','','','2024-06-18 11:12:15',1,'0000-00-00 00:00:00',0,'Activo','',''),(148,2,'PLANIFICACION Y PRESUPUESTO','Teclado','','','','3-1800-1-37-2-20020-0011-1230','','Selecciona una Opcion',0,'Selecciona una Opcion','','','2024-06-18 11:13:05',1,'0000-00-00 00:00:00',0,'Activo','',''),(149,2,'ANALISTA DE PLANIFICACION','Teclado','GENIUS','SLIMSTAR i220','ZCE03I200277','3-1800-1-37-2-20020-0011-1567','','Selecciona una Opcion',0,'Selecciona una Opcion','','','2024-06-18 11:17:20',1,'0000-00-00 00:00:00',0,'Activo','',''),(150,10,'Sin Definir','Impresora','SAMSUNG','XPRESS M2020','S/070JB8GF9CU1HKP','3-1800-1-37-2-20020-0021-1','','Selecciona una Opcion',0,'Selecciona una Opcion','','','2024-06-18 11:19:50',1,'0000-00-00 00:00:00',0,'Activo','',''),(151,3,'Sin Definir','Impresora','SAMSUNG','ML-2165','Z7BPB8GD8C000LH','3-1800-1-37-2-20020-0021-8','','Selecciona una Opcion',0,'Selecciona una Opcion','','','2024-06-18 11:23:06',1,'0000-00-00 00:00:00',0,'Activo','',''),(152,16,'Sin Definir','Impresora','HP','DESK JET INK ADVANTAGE 1515','CN37Q19J9B','3-1800-1-37-2-20020-0021-11','','Selecciona una Opcion',0,'Selecciona una Opcion','','','2024-06-18 11:23:50',1,'0000-00-00 00:00:00',0,'Activo','',''),(153,8,'Sin Definir','Impresora','SAMSUNG','ML-2165','Z7BPB8GCCB0001T','3-1800-1-37-2-20020-0021-26','','Selecciona una Opcion',0,'Selecciona una Opcion','','','2024-06-18 11:24:32',1,'0000-00-00 00:00:00',0,'Activo','',''),(154,8,'Sin Definir','Impresora','EPSON','LX-300+ II','G8DY183160','3-1800-1-37-2-20020-0021-27','','Selecciona una Opcion',0,'Selecciona una Opcion','','','2024-06-18 11:25:16',1,'0000-00-00 00:00:00',0,'Activo','',''),(155,2,'TESORERIA','Impresora','SAMSUNG','ML-216-W','Z7BQB8GDCD004CB','3-1800-1-37-2-20020-0021-36','','Selecciona una Opcion',0,'Selecciona una Opcion','','','2024-06-18 11:26:09',1,'0000-00-00 00:00:00',0,'Activo','',''),(156,2,'TESORERIA','Impresora','HP','DESK JET INK ADVANTAGE 1515','CN3881HHFB','3-1800-1-37-2-20020-0021-37','','Selecciona una Opcion',0,'Selecciona una Opcion','','','2024-06-18 11:26:52',1,'0000-00-00 00:00:00',0,'Activo','',''),(157,16,'LIRIDA ALMEIDA','Impresora','SAMSUNG','EXPRESSM2020','070JB8GF9C01E0Y','3-1800-1-37-2-20020-0021-41','','Selecciona una Opcion',0,'Selecciona una Opcion','','','2024-06-18 11:29:14',1,'2025-05-11 11:54:40',1,'Inactivo','','Desde el día 12/06/2025 el equipo no se encuentra funcional. Actualmente en espera de revisión técnica especializada. \r\nActa de revisión Nº 58, Nº 61.'),(158,2,'JEFATURA DE ADMINISTRACION','Impresora','HP','LASER DESKJET P1102W','VND3J74978','3-1800-1-37-2-20020-0021-51','','Selecciona una Opcion',0,'Selecciona una Opcion','','','2024-06-18 11:29:59',1,'0000-00-00 00:00:00',0,'Activo','',''),(159,2,'Sin Definir','Impresora','CANON','MF4770N','NXW54626','3-1800-1-37-2-20020-0021-52','','Selecciona una Opcion',0,'Selecciona una Opcion','','','2024-06-18 11:31:55',1,'0000-00-00 00:00:00',0,'Activo','',''),(160,7,'Sin Definir','Impresora','CANON','MF4770N','NXV76667','3-1800-1-37-2-20020-0021-65','','Selecciona una Opcion',0,'Selecciona una Opcion','','','2024-06-18 11:34:54',1,'2025-05-11 11:58:12',1,'Inactivo','Oficina de Call center.','Desde el día 25/02/2025 el equipo no se encuentra funcional. Actualmente en espera de revisión técnica especializada. \r\nActa de revisión Nº 52.'),(161,6,'Sin Definir','Impresora','HP','DESKJET INK ADVANTAGE 4615','CN2B5240JS','3-1800-1-37-2-20020-0021-66','','Selecciona una Opcion',0,'Selecciona una Opcion','','','2024-06-18 11:39:12',1,'0000-00-00 00:00:00',0,'Activo','',''),(162,21,'Sin Definir','Impresora','FUJIFILM','DRYPIX4000','26251849','3-1800-1-37-2-20020-0021-69','','Selecciona una Opcion',0,'Selecciona una Opcion','','','2024-06-18 11:40:03',1,'2024-06-18 11:40:51',1,'Inactivo','',''),(163,4,'Sin Definir','Impresora','CANON','MF4770N','NXC81854','3-1800-1-37-2-20020-0021-408','','Selecciona una Opcion',0,'Selecciona una Opcion','','','2024-06-18 11:40:55',1,'0000-00-00 00:00:00',0,'Activo','',''),(164,11,'Sin Definir','Impresora','SAMSUNG','XPRESS M2020','070MB8GF6D012CB','3-1800-1-37-2-20020-0021-425','','Selecciona una Opcion',0,'Selecciona una Opcion','','','2024-06-18 11:42:25',1,'0000-00-00 00:00:00',0,'Activo','',''),(165,22,'Sin Definir','Impresora','HP','DESK JET INK ADVANTAGE 1515','CN3AD17N0Y','3-1800-1-37-2-20020-0021-443','','Selecciona una Opcion',0,'Selecciona una Opcion','','','2024-06-18 11:43:14',1,'0000-00-00 00:00:00',0,'Activo','',''),(166,4,'Sin Definir','Impresora','HP','LASER JET P1102W','VND3J57977','3-1800-1-37-2-20020-0021-465','','Selecciona una Opcion',0,'Selecciona una Opcion','','','2024-06-18 11:44:06',1,'0000-00-00 00:00:00',0,'Activo','',''),(167,2,'Sin Definir','Impresora','SAMSUNG','ML2165W','Z7BQB8CD00YCB','3-1800-1-37-2-20020-0021-477','','Selecciona una Opcion',0,'Selecciona una Opcion','','','2024-06-18 11:44:47',1,'0000-00-00 00:00:00',0,'Activo','',''),(168,13,'Eusebio Sánchez','Impresora','HP','DESK JET INK ADVANTAGE 1515','CN3AC17MSG','3-1800-1-37-2-20020-0021-484','','Selecciona una Opcion',0,'Selecciona una Opcion','','','2024-06-18 11:45:33',1,'2024-06-18 11:46:27',1,'Inactivo','',''),(169,11,'Sin Definir','Impresora','HP','DESK JET INK ADVANTAGE 1515','CN3771HHGW','3-1800-1-37-2-20020-0021-558','','Selecciona una Opcion',0,'Selecciona una Opcion','','','2024-06-18 11:46:32',1,'0000-00-00 00:00:00',0,'Activo','',''),(170,13,'Eusebio Sánchez','Impresora','HP','DESK JET INK ADVANTAGE 2515','CN2CU3JNSX','3-1800-1-37-2-20020-0021-564 ','','Selecciona una Opcion',0,'Selecciona una Opcion','','','2024-06-18 11:47:23',1,'2024-06-18 11:54:34',1,'Inactivo','',''),(171,5,'Sin Definir','Impresora','EPSON','L210','S25K432068','3-1800-1-37-2-20020-0021-1099','','Selecciona una Opcion',0,'Selecciona una Opcion','','','2024-06-18 11:54:39',1,'0000-00-00 00:00:00',0,'Activo','',''),(172,5,'CONSULTORIA JURIDICA','Impresora','SAMSUNG','ML-2165','Z7BPB8GDCB0112M','3-1800-1-37-2-20020-0021-1182','','Selecciona una Opcion',0,'Selecciona una Opcion','','','2024-06-18 11:55:27',1,'0000-00-00 00:00:00',0,'Activo','',''),(173,23,'CONSULTORIO GOBERNACION','Impresora','HP','DESKJET 2050','CN2893CJHB','3-1800-1-37-2-20020-0021-1202','','Selecciona una Opcion',0,'Selecciona una Opcion','','','2024-06-18 11:57:00',1,'2024-06-18 11:57:57',1,'Inactivo','',''),(174,23,'CONSULTORIO GOBERNACION','Impresora','HP','DESK JET INK ADVANTAGE 2515','CN34T3NNNV','3-1800-1-37-2-20020-0021-1203','','Selecciona una Opcion',0,'Selecciona una Opcion','','','2024-06-18 11:58:01',1,'2024-06-18 11:59:55',1,'Inactivo','',''),(175,6,'Sin Definir','Impresora','SAMSUNG','ML-2165','Z7BPB8GD8B000NW','3-1800-1-37-2-20020-0021-1406','','Selecciona una Opcion',0,'Selecciona una Opcion','','','2024-06-18 11:59:59',1,'0000-00-00 00:00:00',0,'Activo','',''),(176,22,'Sin Definir','Impresora','HP','LASER DESKJET P1102W','VND3Q61029','3-1800-1-37-2-20020-0021-68','','Selecciona una Opcion',0,'Selecciona una Opcion','','','2024-06-18 12:02:09',1,'0000-00-00 00:00:00',0,'Activo','',''),(177,1,'Frank Guiche','Regulador de Voltaje','AVTEK','RT8 601','2221020','3-1800-1-37-2-20990-0001-6','','Selecciona una Opcion',0,'Selecciona una Opcion','','','2024-06-25 10:39:09',1,'0000-00-00 00:00:00',0,'Activo','Infraestructura','Reparado, funciona como regleta '),(178,17,'Sin Definir','Regulador de Voltaje','AVTEK','RPC PLUS-1200-6T','2012121145','3-1800-1-37-2-20990-0001-436','','Selecciona una Opcion',0,'Selecciona una Opcion','','','2024-06-25 10:41:54',1,'0000-00-00 00:00:00',0,'Activo','',''),(179,3,'Sin Definir','Regulador de Voltaje','TONAL','RTL-1000','12294007230','3-1800-1-37-2-20990-0001-25','','Selecciona una Opcion',0,'Selecciona una Opcion','','','2024-06-25 10:44:06',1,'0000-00-00 00:00:00',0,'Activo','',''),(180,2,'TESORERIA','Regulador de Voltaje','TONAL','RTL-1000','13355501410','3-1800-1-37-2-20990-0001-38','','Selecciona una Opcion',0,'Selecciona una Opcion','','','2024-06-25 10:45:21',1,'0000-00-00 00:00:00',0,'Activo','',''),(181,20,'EMERGENCIA ADULTOS','Regulador de Voltaje','TONAL','RTL-1000','122494007231','3-1800-1-37-2-20990-0001-44','','Selecciona una Opcion',0,'Selecciona una Opcion','','','2024-06-25 10:48:15',1,'0000-00-00 00:00:00',0,'Activo','',''),(182,3,'Sin Definir','Regulador de Voltaje','TONAL','RTL-1000','13355501414','3-1800-1-37-2-20990-0001-60','','Selecciona una Opcion',0,'Selecciona una Opcion','','','2024-06-25 10:48:57',1,'0000-00-00 00:00:00',0,'Activo','',''),(183,9,'Sin Definir','Regulador de Voltaje','TONAL','','','3-1800-1-37-2-20990-0001-80','','Selecciona una Opcion',0,'Selecciona una Opcion','','','2024-06-25 10:49:37',1,'0000-00-00 00:00:00',0,'Activo','',''),(184,22,'Sin Definir','Regulador de Voltaje','KODE','','','3-1800-1-37-2-20990-0001-359','','Selecciona una Opcion',0,'Selecciona una Opcion','','','2024-06-25 10:50:34',1,'0000-00-00 00:00:00',0,'Activo','',''),(185,11,'Sin Definir','Regulador de Voltaje','KODE','','','3-1800-1-37-2-20990-0001-371','','Selecciona una Opcion',0,'Selecciona una Opcion','','','2024-06-25 10:51:05',1,'0000-00-00 00:00:00',0,'Activo','',''),(186,11,'Sin Definir','Regulador de Voltaje','KODE','','','3-1800-1-37-2-20990-0001-413','','Selecciona una Opcion',0,'Selecciona una Opcion','','','2024-06-25 10:51:48',1,'0000-00-00 00:00:00',0,'Activo','',''),(187,6,'Sin Definir','Regulador de Voltaje','KODE','','','3-1800-1-37-2-20990-0001-420','','Selecciona una Opcion',0,'Selecciona una Opcion','','','2024-06-25 10:53:46',1,'0000-00-00 00:00:00',0,'Activo','',''),(188,4,'Sin Definir','Regulador de Voltaje','TONAL','RTL-1000','13355489224','3-1800-1-37-2-20990-0001-430','','Selecciona una Opcion',0,'Selecciona una Opcion','','','2024-06-25 10:54:12',1,'0000-00-00 00:00:00',0,'Activo','',''),(189,13,'Sin Definir','Regulador de Voltaje','TONAL','RTL-1000','','3-1800-1-37-2-20990-0001-442','','Selecciona una Opcion',0,'Selecciona una Opcion','','','2024-06-25 10:55:29',1,'0000-00-00 00:00:00',0,'Activo','',''),(190,7,'Sin Definir','Regulador de Voltaje','KODE','','130129-01014544','3-1800-1-37-2-20990-0001-456','','Selecciona una Opcion',0,'Selecciona una Opcion','','','2024-06-25 10:56:17',1,'0000-00-00 00:00:00',0,'Activo','',''),(191,10,'Sin Definir','Regulador de Voltaje','KODE','K-AVR1006','130129-01014883','3-1800-1-37-2-20990-0001-471','','Selecciona una Opcion',0,'Selecciona una Opcion','','','2024-06-25 10:56:58',1,'0000-00-00 00:00:00',0,'Activo','',''),(192,4,'Sin Definir','Regulador de Voltaje','TONAL','RTL-1000','13355501415','3-1800-1-37-2-20990-0001-1110','','Selecciona una Opcion',0,'Selecciona una Opcion','','','2024-06-25 10:57:41',1,'0000-00-00 00:00:00',0,'Activo','',''),(193,3,'CARDIOLOGIA','Regulador de Voltaje','KODE','','','3-1800-1-37-2-20990-0001-1232','','Selecciona una Opcion',0,'Selecciona una Opcion','','','2024-06-25 10:58:25',1,'0000-00-00 00:00:00',0,'Activo','',''),(194,14,'Sin Definir','Regulador de Voltaje','TONAL','RTL-1000','13355501416','3-1800-1-37-2-20990-0001-1314','','Selecciona una Opcion',0,'Selecciona una Opcion','','','2024-06-25 10:59:15',1,'0000-00-00 00:00:00',0,'Activo','',''),(195,17,'Sin Definir','Regulador de Voltaje','ZUHI POINT','','A03054524','3-1800-1-37-2-20990-0001-1477','','Selecciona una Opcion',0,'Selecciona una Opcion','','','2024-06-25 10:59:47',1,'0000-00-00 00:00:00',0,'Activo','',''),(196,3,'INMUNIZACIÓN','Regulador de Voltaje','HEYA','SVC-2000','','3-1800-1-37-2-20990-0001-1518','','Selecciona una Opcion',0,'Selecciona una Opcion','','','2024-06-25 11:01:14',1,'0000-00-00 00:00:00',0,'Activo','',''),(197,24,'Annaloy Mata','Cargador de Laptop','LENOVO','CPA-A065','36200413','','','Selecciona una Opcion',0,'Selecciona una Opcion','','','2024-09-18 12:05:26',1,'0000-00-00 00:00:00',0,'Activo','Presidencia.','Pertenece a Laptop Lenovo Modelo G485 (20020-0007-403)'),(198,4,'Compartido','Cargador de Laptop','LENOVO','PA-1400-12','36200405','','','Selecciona una Opcion',0,'Selecciona una Opcion','','','2024-10-02 15:14:20',1,'0000-00-00 00:00:00',0,'Activo','Call Center','Es de Laptop 20020-0007-424.');
/*!40000 ALTER TABLE `equipos` ENABLE KEYS */;
UNLOCK TABLES;

--
-- Table structure for table `historial_cambios`
--

DROP TABLE IF EXISTS `historial_cambios`;
/*!40101 SET @saved_cs_client     = @@character_set_client */;
/*!40101 SET character_set_client = utf8 */;
CREATE TABLE `historial_cambios` (
  `id` int(11) NOT NULL AUTO_INCREMENT,
  `id_equipo` int(11) NOT NULL,
  `campo_modificado` varchar(50) NOT NULL,
  `valor_anterior` varchar(50) NOT NULL,
  `valor_nuevo` varchar(50) NOT NULL,
  `fecha_modificacion` datetime NOT NULL,
  `encargado_modificacion` varchar(50) NOT NULL,
  PRIMARY KEY (`id`)
) ENGINE=InnoDB DEFAULT CHARSET=utf8mb4;
/*!40101 SET character_set_client = @saved_cs_client */;

--
-- Dumping data for table `historial_cambios`
--

LOCK TABLES `historial_cambios` WRITE;
/*!40000 ALTER TABLE `historial_cambios` DISABLE KEYS */;
/*!40000 ALTER TABLE `historial_cambios` ENABLE KEYS */;
UNLOCK TABLES;

--
-- Table structure for table `ip_fijas`
--

DROP TABLE IF EXISTS `ip_fijas`;
/*!40101 SET @saved_cs_client     = @@character_set_client */;
/*!40101 SET character_set_client = utf8 */;
CREATE TABLE `ip_fijas` (
  `id` int(11) NOT NULL AUTO_INCREMENT,
  `departamento` varchar(60) NOT NULL,
  `id_equipo` int(11) NOT NULL,
  `descripcion` varchar(60) NOT NULL,
  `ip` varchar(20) NOT NULL,
  `fecha_registro` date NOT NULL,
  `encargado_registro` int(11) NOT NULL,
  `fecha_modificacion` date NOT NULL,
  `encargado_modificacion` int(11) NOT NULL,
  `estado` varchar(20) NOT NULL,
  PRIMARY KEY (`id`)
) ENGINE=InnoDB AUTO_INCREMENT=11 DEFAULT CHARSET=utf8mb4;
/*!40101 SET character_set_client = @saved_cs_client */;

--
-- Dumping data for table `ip_fijas`
--

LOCK TABLES `ip_fijas` WRITE;
/*!40000 ALTER TABLE `ip_fijas` DISABLE KEYS */;
INSERT INTO `ip_fijas` VALUES (7,'Informática',3,'','192.168.15.250','2024-04-23',1,'0000-00-00',0,'Activo'),(8,'Bienes ',23,'','192.168.15.253','2024-04-23',1,'0000-00-00',0,'Activo'),(9,'Servicios Generales',11,'','192.168.15.254','2024-04-23',1,'0000-00-00',0,'Activo'),(10,'Informática',33,'','192.168.15.252','2024-06-27',1,'0000-00-00',0,'Activo');
/*!40000 ALTER TABLE `ip_fijas` ENABLE KEYS */;
UNLOCK TABLES;

--
-- Table structure for table `puntos_red`
--

DROP TABLE IF EXISTS `puntos_red`;
/*!40101 SET @saved_cs_client     = @@character_set_client */;
/*!40101 SET character_set_client = utf8 */;
CREATE TABLE `puntos_red` (
  `id` int(11) NOT NULL AUTO_INCREMENT,
  `departamento` varchar(50) NOT NULL,
  `patch_panel` varchar(50) NOT NULL,
  `puerto_pp` int(2) NOT NULL,
  `switches` varchar(50) NOT NULL,
  `puerto_sw` int(2) NOT NULL,
  `descripcion` varchar(60) NOT NULL,
  `estado` varchar(20) NOT NULL,
  `fecha_registro` datetime NOT NULL,
  `encargado_registro` int(11) NOT NULL,
  `fecha_ultima_modificacion` datetime NOT NULL,
  `encargado_modificacion` int(11) NOT NULL,
  PRIMARY KEY (`id`)
) ENGINE=InnoDB AUTO_INCREMENT=26 DEFAULT CHARSET=utf8mb4;
/*!40101 SET character_set_client = @saved_cs_client */;

--
-- Dumping data for table `puntos_red`
--

LOCK TABLES `puntos_red` WRITE;
/*!40000 ALTER TABLE `puntos_red` DISABLE KEYS */;
INSERT INTO `puntos_red` VALUES (1,'Dirección Medica','1',3,'',0,'Consultorio de Eco','Inactivo','2024-02-28 10:48:30',1,'0000-00-00 00:00:00',0),(3,'Dirección Medica','1',14,'',0,'Consultorio Pediatría Teléfono','Inactivo','2024-02-28 10:50:38',0,'0000-00-00 00:00:00',0),(4,'Dirección Medica','1',15,'',0,'Consultorio de Pediatría','Inactivo','2024-02-28 10:55:47',0,'2024-02-29 14:49:07',0),(5,'Dirección Medica','1',16,'',0,'Consultorio de Ginecología ','Inactivo','2024-02-28 10:56:20',0,'0000-00-00 00:00:00',0),(6,'Dirección Medica','1',17,'',0,'Estación de Trabajo Imagenología (RX)','Activo','2024-02-28 10:57:01',0,'2024-02-28 12:27:58',0),(7,'Historias Medicas ','1',18,'1',16,'Puesto de Enfermera Consulta','Activo','2024-02-28 10:57:47',0,'2024-04-26 16:24:33',0),(8,'Recursos Humanos','1',19,'1',15,'Recursos Humanos','Activo','2024-02-28 10:58:54',0,'2024-04-26 16:26:46',0),(9,'Call Center','1',21,'',0,'Area de Call Center (Puesto 1)','Activo','2024-02-28 11:00:43',0,'0000-00-00 00:00:00',0),(10,'Call Center','1',23,'',0,'Area de Call Center (Puesto 2)','Activo','2024-02-28 11:02:24',0,'0000-00-00 00:00:00',0),(11,'Call Center','1',24,'',0,'Georgette Mardelli','Activo','2024-02-28 11:03:10',0,'0000-00-00 00:00:00',0),(12,'Dirección Medica','2',1,'',0,'Consultorio Medicina Familiar','Inactivo','2024-02-28 11:03:45',0,'0000-00-00 00:00:00',0),(13,'Dirección Medica','2',2,'',0,'Laboratorio','Inactivo','2024-02-28 11:04:03',0,'0000-00-00 00:00:00',0),(14,'Call Center','2',5,'',0,'Area de Call Center (Puesto 4)','Inactivo','2024-02-28 11:04:22',0,'0000-00-00 00:00:00',0),(15,'Seguridad Y Vigilancia','2',6,'',0,'Seguridad','Activo','2024-02-28 11:04:58',0,'2024-06-12 14:16:38',0),(16,'Almacén','2',7,'',0,'Almacén','Activo','2024-02-28 11:05:19',0,'0000-00-00 00:00:00',0),(17,'Farmacia','2',10,'',0,'Farmacia','Activo','2024-02-28 11:05:36',0,'0000-00-00 00:00:00',0),(18,'Dirección Medica','2',13,'',0,'Consultorio Traumatologia','Inactivo','2024-02-28 11:05:51',0,'0000-00-00 00:00:00',0),(19,'Recepción ','2',17,'',0,'Recepción ','Activo','2024-02-28 11:07:29',0,'0000-00-00 00:00:00',0),(20,'Recepción ','2',18,'',0,'Recepción Teléfono ','Activo','2024-02-28 11:07:46',0,'0000-00-00 00:00:00',0),(21,'Call Center','2',20,'',0,'Area de Call Center (Puesto 3)','Activo','2024-02-28 11:08:11',0,'0000-00-00 00:00:00',0),(22,'Administración','1',1,'',0,'Administración','Activo','2024-02-28 11:09:56',0,'2024-06-12 14:16:04',0),(23,'Administración','1',2,'',0,'Administración Deinor','Activo','2024-02-28 11:10:24',0,'2024-06-12 14:16:12',0),(24,'Recursos Humanos','1',20,'1',10,'2do pc dentro de la oficina de rrhh','Activo','2024-04-26 16:28:15',0,'0000-00-00 00:00:00',0),(25,'Cuarto de Datos','1',22,'',0,'Servidor Principal.','Activo','2024-09-18 12:13:55',0,'0000-00-00 00:00:00',0);
/*!40000 ALTER TABLE `puntos_red` ENABLE KEYS */;
UNLOCK TABLES;

--
-- Table structure for table `unidades`
--

DROP TABLE IF EXISTS `unidades`;
/*!40101 SET @saved_cs_client     = @@character_set_client */;
/*!40101 SET character_set_client = utf8 */;
CREATE TABLE `unidades` (
  `id` int(11) NOT NULL AUTO_INCREMENT,
  `nombre_unidad` varchar(60) NOT NULL,
  `estado` varchar(20) NOT NULL,
  `fecha_registro` datetime NOT NULL,
  `encargado_registro` varchar(60) NOT NULL,
  PRIMARY KEY (`id`)
) ENGINE=InnoDB AUTO_INCREMENT=26 DEFAULT CHARSET=utf8mb4;
/*!40101 SET character_set_client = @saved_cs_client */;

--
-- Dumping data for table `unidades`
--

LOCK TABLES `unidades` WRITE;
/*!40000 ALTER TABLE `unidades` DISABLE KEYS */;
INSERT INTO `unidades` VALUES (1,'Informática','Activo','2024-02-07 16:55:44','1'),(2,'Administración','Activo','2024-02-07 20:21:58','1'),(3,'Dirección Médica','Activo','2024-02-07 20:22:17','1'),(4,'Recursos Humanos','Activo','2024-02-07 20:23:22','1'),(5,'Presidencia','Activo','2024-02-07 20:26:32','1'),(6,'Auditoria','Activo','2024-02-07 20:27:47','1'),(7,'Historias Medicas ','Activo','2024-02-07 20:28:00','1'),(8,'Laboratorio','Activo','2024-02-07 20:28:18','1'),(9,'Atención al Ciudadano','Activo','2024-02-07 20:28:44','1'),(10,'Bienes ','Activo','2024-02-07 20:29:01','1'),(11,'Almacén','Activo','2024-02-07 20:29:12','1'),(12,'Dirección General','Activo','2024-02-07 20:30:11','1'),(13,'Seguridad Y Vigilancia','Activo','2024-02-07 20:31:17','1'),(14,'Mantenimiento Servicios Generales','Activo','2024-02-07 20:31:38','1'),(15,'Cuarto de Datos','Activo','2024-02-07 20:43:05','1'),(16,'Farmacia','Activo','2024-02-15 20:37:14','2'),(17,'Infraestructura','Activo','2024-02-15 20:42:32','2'),(18,'Call Center','Activo','2024-02-28 16:00:20','1'),(19,'Recepción ','Activo','2024-02-28 16:07:18','1'),(20,'Emergencia','Activo','2024-06-05 21:21:24','2'),(21,'Rayos X','Activo','2024-06-14 17:28:44','1'),(22,'Dirección de Relaciones Interinstitucionales','Activo','2024-06-14 17:29:23','1'),(23,'Consultorio Gobernación','Activo','2024-06-14 17:29:51','1'),(24,'Consultoría Jurídica','Activo','2024-09-18 18:02:08','1');
/*!40000 ALTER TABLE `unidades` ENABLE KEYS */;
UNLOCK TABLES;

--
-- Table structure for table `usuarios`
--

DROP TABLE IF EXISTS `usuarios`;
/*!40101 SET @saved_cs_client     = @@character_set_client */;
/*!40101 SET character_set_client = utf8 */;
CREATE TABLE `usuarios` (
  `id` int(11) NOT NULL AUTO_INCREMENT,
  `nombre` varchar(20) NOT NULL,
  `apellido` varchar(20) NOT NULL,
  `username` varchar(50) NOT NULL,
  `password` varchar(50) NOT NULL,
  `rol` int(11) NOT NULL,
  PRIMARY KEY (`id`)
) ENGINE=InnoDB AUTO_INCREMENT=3 DEFAULT CHARSET=utf8mb4;
/*!40101 SET character_set_client = @saved_cs_client */;

--
-- Dumping data for table `usuarios`
--

LOCK TABLES `usuarios` WRITE;
/*!40000 ALTER TABLE `usuarios` DISABLE KEYS */;
INSERT INTO `usuarios` VALUES (1,'Frank','Guiche','FrankGuiche','admin',1),(2,'Omar','Mendoza','OmarM','admin',1);
/*!40000 ALTER TABLE `usuarios` ENABLE KEYS */;
UNLOCK TABLES;
/*!40103 SET TIME_ZONE=@OLD_TIME_ZONE */;

/*!40101 SET SQL_MODE=@OLD_SQL_MODE */;
/*!40014 SET FOREIGN_KEY_CHECKS=@OLD_FOREIGN_KEY_CHECKS */;
/*!40014 SET UNIQUE_CHECKS=@OLD_UNIQUE_CHECKS */;
/*!40101 SET CHARACTER_SET_CLIENT=@OLD_CHARACTER_SET_CLIENT */;
/*!40101 SET CHARACTER_SET_RESULTS=@OLD_CHARACTER_SET_RESULTS */;
/*!40101 SET COLLATION_CONNECTION=@OLD_COLLATION_CONNECTION */;
/*!40111 SET SQL_NOTES=@OLD_SQL_NOTES */;

-- Dump completed on 2025-08-22 15:32:12
